Timestamp,E_Active,E_Reactive,Freq,I_1,I_2,I_3,ITHD1,PF_avg
2018-11-18 09:32:55,669.915,132.921,49.84,53.859,53.586,54.239,12.92,0.956
2018-11-18 09:33:56,669.915,132.921,49.87,53.545,50.535,51.499,13.13,0.954
2018-11-18 09:34:57,669.916,132.921,49.83,56.399,54.659,62.085,12.15,0.959
2018-11-18 09:35:58,669.917,132.921,49.86,53.791,48.911,54.041,13.35,0.96
2018-11-18 09:36:59,669.917,132.921,49.94,52.934,48.552,51.379,12.97,0.957
2018-11-18 09:38:00,669.918,132.922,49.98,54.365,50.443,52.683,12.36,0.956
2018-11-18 09:39:01,669.918,132.922,50.04,54.251,47.888,51.557,12.46,0.954
2018-11-18 09:40:02,669.919,132.922,50.2,55.193,48.585,50.311,12.02,0.956
2018-11-18 09:41:03,669.92,132.922,50.18,53.636,49.926,52.472,12.11,0.955
2018-11-18 09:42:04,669.92,132.922,50.18,52.805,48.005,57.755,12.72,0.958
2018-11-18 09:43:05,669.921,132.922,50.17,68.605,66.983,75.237,9.31,0.969
2018-11-18 09:44:06,669.921,132.922,50.16,53.414,50.114,53.923,12.6,0.958
2018-11-18 09:45:07,669.922,132.923,50.16,54.268,49.918,51.366,12.15,0.955
2018-11-18 09:46:08,669.923,132.923,50.17,55.242,52.79,54.797,11.79,0.96
2018-11-18 09:47:09,669.923,132.923,50.09,51.934,49.342,50.024,12.69,0.958
2018-11-18 09:48:10,669.924,132.923,50.13,43.002,41.447,47.534,11.47,0.953
2018-11-18 09:49:10,669.924,132.923,50.14,44.567,45.679,49.986,10.68,0.952
2018-11-18 09:50:11,669.925,132.923,50.14,43.823,43.746,49.654,11.17,0.948
2018-11-18 09:51:12,669.925,132.924,50.14,60.149,60.929,71.787,8.13,0.964
2018-11-18 09:52:13,669.926,132.924,50.14,44.523,43.358,58.411,10.76,0.953
2018-11-18 09:53:14,669.927,132.924,50.16,45.569,43.192,50.805,10.76,0.949
2018-11-18 09:54:15,669.927,132.924,50.18,50.069,47.868,56.287,7.74,0.958
2018-11-18 09:55:16,669.928,132.924,50.19,43.983,43.674,51.32,11.03,0.948
2018-11-18 09:56:17,669.928,132.924,50.13,43.73,43.601,57.782,11.02,0.949
2018-11-18 09:57:18,669.929,132.925,50.22,49.105,47.919,61.696,9.82,0.953
2018-11-18 09:58:19,669.929,132.925,50.21,43.153,42.312,54.928,11.3,0.952
2018-11-18 09:59:20,669.93,132.925,50.19,44.654,41.835,54.339,10.88,0.951
2018-11-18 10:00:21,669.931,132.925,50.22,49.735,45.321,60.013,9.89,0.95
2018-11-18 10:01:22,669.931,132.925,50.28,43.88,44.789,58.334,11.1,0.947
2018-11-18 10:02:23,669.932,132.925,50.33,42.996,44.024,50.31,11.45,0.947
2018-11-18 10:03:24,669.932,132.926,50.35,44.192,44.447,51.748,11.08,0.947
2018-11-18 10:04:25,669.933,132.926,50.29,44.162,44.174,51.485,11.26,0.943
2018-11-18 10:05:26,669.933,132.926,50.25,44.042,46.857,51.671,11.07,0.945
2018-11-18 10:06:27,669.934,132.926,50.21,44.504,46.907,51.578,11.05,0.949
2018-11-18 10:07:27,669.934,132.926,50.12,44.303,46.77,52.535,11.08,0.946
2018-11-18 10:08:28,669.935,132.927,50.11,48.756,50.759,57.8,8.76,0.95
2018-11-18 10:09:29,669.936,132.927,50.11,44.586,44.637,58.432,10.91,0.947
2018-11-18 10:10:30,669.936,132.927,49.98,42.892,44.797,58.291,11.25,0.949
2018-11-18 10:11:31,669.937,132.927,49.88,46.182,47.461,52.532,10.66,0.945
2018-11-18 10:12:32,669.937,132.927,49.89,45.343,45.436,51.651,11.06,0.943
2018-11-18 10:13:33,669.938,132.927,49.96,50.555,52.442,55.678,7.96,0.953
2018-11-18 10:14:34,669.938,132.928,50.0,44.113,48.753,52.905,10.88,0.952
2018-11-18 10:15:35,669.939,132.928,50.03,45.138,45.946,52.346,11.08,0.951
2018-11-18 10:16:36,669.94,132.928,50.08,44.714,44.72,53.368,10.43,0.951
2018-11-18 10:17:37,669.94,132.928,50.1,42.447,41.208,56.695,11.03,0.955
2018-11-18 10:18:38,669.941,132.928,50.1,48.998,50.004,63.314,7.97,0.955
2018-11-18 10:19:38,669.941,132.928,49.98,43.378,44.85,52.085,11.08,0.95
2018-11-18 10:20:39,669.942,132.929,49.95,43.76,42.105,51.083,11.29,0.953
2018-11-18 10:21:40,669.942,132.929,49.93,46.016,45.571,54.144,10.35,0.955
2018-11-18 10:22:41,669.943,132.929,49.91,43.546,43.911,51.266,11.15,0.948
2018-11-18 10:23:42,669.943,132.929,49.95,59.749,61.589,67.051,9.2,0.959
2018-11-18 10:24:43,669.944,132.929,49.97,44.2,43.365,51.747,11.24,0.948
2018-11-18 10:25:44,669.944,132.929,50.01,42.048,42.777,50.25,11.66,0.951
2018-11-18 10:26:45,669.945,132.93,50.02,59.801,62.466,74.177,7.92,0.96
2018-11-18 10:27:46,669.946,132.93,50.05,43.278,44.378,57.991,10.96,0.951
2018-11-18 10:28:47,669.946,132.93,50.08,44.257,43.275,51.302,10.81,0.947
2018-11-18 10:29:48,669.947,132.93,50.11,51.112,47.888,53.828,9.57,0.956
2018-11-18 10:30:49,669.947,132.93,50.03,44.986,44.765,51.451,10.82,0.949
2018-11-18 10:31:50,669.948,132.93,50.03,42.826,44.838,51.2,11.45,0.948
2018-11-18 10:32:51,669.948,132.931,50.0,46.103,49.187,54.52,10.39,0.953
2018-11-18 10:33:52,669.949,132.931,49.98,42.155,45.353,50.298,11.59,0.952
2018-11-18 10:34:53,669.949,132.931,49.98,41.244,44.327,56.238,11.79,0.955
2018-11-18 10:35:53,669.95,132.931,49.96,44.387,46.742,59.349,10.62,0.953
2018-11-18 10:36:54,669.951,132.931,49.95,42.381,49.986,56.255,11.54,0.964
2018-11-18 10:37:55,669.951,132.931,49.98,41.584,46.648,54.682,11.82,0.965
2018-11-18 10:38:56,669.952,132.931,50.04,46.681,50.2,58.509,10.33,0.964
2018-11-18 10:39:57,669.952,132.932,50.02,42.937,49.242,56.03,11.37,0.963
2018-11-18 10:40:58,669.953,132.932,50.07,42.69,49.213,54.998,11.88,0.966
2018-11-18 10:41:59,669.954,132.932,49.98,47.604,54.669,59.193,9.88,0.966
2018-11-18 10:43:00,669.954,132.932,49.95,44.504,54.653,56.261,10.82,0.965
2018-11-18 10:44:01,669.955,132.932,49.9,42.583,49.539,54.858,11.09,0.966
2018-11-18 10:45:02,669.955,132.932,49.93,46.456,52.347,66.342,9.44,0.966
2018-11-18 10:46:03,669.956,132.933,49.98,44.097,47.524,56.263,11.3,0.963
2018-11-18 10:47:04,669.956,132.933,49.93,44.592,45.91,54.883,11.46,0.966
2018-11-18 10:48:05,669.957,132.933,49.94,50.279,55.702,61.038,8.51,0.965
2018-11-18 10:49:06,669.958,132.933,49.89,43.279,49.487,56.242,11.19,0.963
2018-11-18 10:50:07,669.958,132.933,49.91,41.368,47.602,54.921,11.64,0.966
2018-11-18 10:51:08,669.959,132.933,49.93,47.522,54.09,61.071,10.72,0.966
2018-11-18 10:52:09,669.959,132.933,49.98,42.555,50.42,57.71,11.44,0.964
2018-11-18 10:53:10,669.96,132.934,49.95,42.921,46.3,56.394,12.02,0.967
2018-11-18 10:54:11,669.961,132.934,49.92,44.477,50.199,64.445,10.61,0.968
2018-11-18 10:55:12,669.961,132.934,49.93,41.899,49.918,56.22,11.67,0.963
2018-11-18 10:56:13,669.962,132.934,50.02,41.95,48.448,56.027,11.65,0.963
2018-11-18 10:57:13,669.962,132.934,50.02,45.549,51.67,59.191,9.29,0.968
2018-11-18 10:58:14,669.963,132.934,50.08,42.271,51.515,56.084,11.66,0.964
2018-11-18 10:59:15,669.964,132.935,50.06,43.357,50.047,55.87,11.45,0.964
2018-11-18 11:00:16,669.964,132.935,50.1,47.136,54.739,60.004,8.35,0.968
2018-11-18 11:01:17,669.965,132.935,50.05,42.345,49.002,55.639,11.65,0.964
2018-11-18 11:02:19,669.965,132.935,50.0,42.074,47.401,55.172,11.82,0.963
2018-11-18 11:03:19,669.966,132.935,49.94,59.312,63.236,76.752,8.12,0.971
2018-11-18 11:04:20,669.966,132.935,49.91,46.964,47.796,55.666,10.26,0.965
2018-11-18 11:05:21,669.967,132.935,50.0,41.779,47.81,55.365,11.44,0.964
2018-11-18 11:06:22,669.968,132.936,49.99,58.785,62.907,70.388,10.0,0.971
2018-11-18 11:07:23,669.968,132.936,50.02,40.829,47.471,54.979,11.6,0.966
2018-11-18 11:08:24,669.969,132.936,50.01,41.454,49.19,55.728,11.93,0.964
2018-11-18 11:09:25,669.969,132.936,50.11,59.157,64.112,77.348,11.77,0.971
2018-11-18 11:10:26,669.97,132.936,50.11,42.461,46.927,56.133,11.41,0.964
2018-11-18 11:11:27,669.971,132.936,50.03,41.855,44.892,54.224,11.5,0.966
2018-11-18 11:12:28,669.971,132.936,50.09,40.265,45.709,54.126,12.12,0.966
2018-11-18 11:13:29,669.972,132.937,50.11,42.548,48.929,56.414,11.44,0.964
2018-11-18 11:14:30,669.972,132.937,50.15,41.513,47.58,55.961,11.78,0.964
2018-11-18 11:15:30,669.973,132.937,50.16,40.319,48.784,54.624,12.51,0.966
2018-11-18 11:16:31,669.973,132.937,50.12,44.307,51.603,57.354,10.82,0.965
2018-11-18 11:17:32,669.974,132.937,50.04,41.449,50.984,55.634,11.8,0.963
2018-11-18 11:18:33,669.975,132.937,49.96,40.728,46.218,60.836,12.2,0.966
2018-11-18 11:19:34,669.975,132.937,49.85,43.13,48.785,57.645,10.9,0.965
2018-11-18 11:20:35,669.976,132.938,49.88,41.348,46.982,56.039,11.89,0.962
2018-11-18 11:21:36,669.976,132.938,49.9,42.027,47.181,54.839,11.64,0.966
2018-11-18 11:22:37,669.977,132.938,49.91,45.797,51.828,58.162,10.19,0.965
2018-11-18 11:23:38,669.977,132.938,49.96,43.583,47.228,55.872,11.24,0.962
2018-11-18 11:24:39,669.978,132.938,49.95,42.143,46.155,54.373,11.51,0.964
2018-11-18 11:25:40,669.979,132.938,50.01,46.677,54.065,59.193,9.92,0.965
2018-11-18 11:26:41,669.979,132.939,50.03,43.215,48.295,56.092,11.37,0.963
2018-11-18 11:27:42,669.98,132.939,50.0,40.377,46.046,60.844,12.15,0.964
2018-11-18 11:28:43,669.98,132.939,50.03,46.133,52.184,60.419,9.39,0.964
2018-11-18 11:29:43,669.981,132.939,50.05,41.661,47.458,57.446,11.61,0.963
2018-11-18 11:30:44,669.982,132.939,50.07,40.485,45.561,55.946,11.77,0.965
2018-11-18 11:31:45,669.982,132.939,50.07,57.563,65.762,71.157,8.16,0.97
2018-11-18 11:32:46,669.983,132.939,50.08,41.843,51.128,56.179,11.66,0.963
2018-11-18 11:33:47,669.983,132.94,50.06,40.52,47.428,54.63,11.84,0.964
2018-11-18 11:34:48,669.984,132.94,50.12,58.812,63.986,70.988,7.99,0.97
2018-11-18 11:35:49,669.984,132.94,50.11,43.84,47.133,56.392,11.57,0.963
2018-11-18 11:36:50,669.985,132.94,50.06,41.733,47.081,62.007,11.83,0.962
2018-11-18 11:37:51,669.986,132.94,50.06,56.764,63.092,70.781,9.4,0.969
2018-11-18 11:38:52,669.986,132.94,50.01,42.457,49.237,56.443,11.3,0.963
2018-11-18 11:39:53,669.987,132.94,49.98,42.918,48.81,55.951,11.18,0.962
2018-11-18 11:40:54,669.987,132.941,49.92,56.477,64.488,69.949,11.64,0.977
2018-11-18 11:41:55,669.988,132.941,49.89,44.64,49.662,56.564,11.25,0.962
2018-11-18 11:42:56,669.989,132.941,49.94,41.584,48.233,55.669,11.65,0.962
2018-11-18 11:43:57,669.989,132.941,49.93,40.782,50.804,54.694,11.79,0.961
2018-11-18 11:44:58,669.99,132.941,49.94,42.543,52.12,56.873,11.18,0.96
2018-11-18 11:45:58,669.99,132.941,49.99,41.893,48.646,61.899,11.45,0.959
2018-11-18 11:46:59,669.991,132.942,50.02,40.988,49.066,54.471,11.95,0.962
2018-11-18 11:48:00,669.991,132.942,50.02,45.349,50.237,57.134,10.47,0.961
2018-11-18 11:49:01,669.992,132.942,50.04,43.925,49.645,55.773,10.74,0.96
2018-11-18 11:50:02,669.993,132.942,50.01,41.374,47.362,54.571,11.92,0.963
2018-11-18 11:51:03,669.993,132.942,50.02,44.506,50.509,62.709,10.62,0.961
2018-11-18 11:52:04,669.994,132.942,49.98,44.164,48.807,60.645,10.96,0.959
2018-11-18 11:53:05,669.994,132.943,49.93,41.751,46.413,65.661,11.66,0.963
2018-11-18 11:54:06,669.995,132.943,49.89,45.736,50.973,63.251,10.35,0.96
2018-11-18 11:55:07,669.996,132.943,49.89,43.676,48.689,55.661,11.26,0.96
2018-11-18 11:56:08,669.996,132.943,49.93,42.336,49.196,54.803,11.72,0.963
2018-11-18 11:57:09,669.997,132.943,50.02,48.457,53.64,58.939,9.83,0.962
2018-11-18 11:58:10,669.997,132.943,50.1,45.203,47.691,55.875,10.51,0.959
2018-11-18 11:59:11,669.998,132.943,50.12,26.682,30.383,35.542,19.53,0.975
2018-11-18 12:00:12,669.998,132.943,50.08,26.801,30.584,35.405,19.78,0.971
2018-11-18 12:01:13,669.999,132.943,50.08,26.951,30.58,35.314,19.9,0.973
2018-11-18 12:02:14,669.999,132.944,50.11,26.362,29.429,41.509,18.88,0.971
2018-11-18 12:03:15,669.999,132.944,50.09,26.421,28.753,41.438,19.47,0.972
2018-11-18 12:04:16,670.0,132.944,50.02,26.556,30.869,34.355,19.66,0.972
2018-11-18 12:05:17,670.0,132.944,50.04,28.38,31.352,34.279,18.94,0.974
2018-11-18 12:06:17,670.0,132.944,50.07,26.721,30.591,34.352,19.86,0.972
2018-11-18 12:07:18,670.001,132.944,50.06,26.764,29.99,35.877,19.77,0.973
2018-11-18 12:08:19,670.001,132.944,50.16,28.995,31.651,35.952,21.89,0.974
2018-11-18 12:09:20,670.001,132.944,50.11,30.137,33.77,34.429,19.77,0.973
2018-11-18 12:10:21,670.002,132.944,50.06,33.551,30.903,34.243,18.88,0.974
2018-11-18 12:11:22,670.002,132.944,50.02,33.587,30.445,40.609,17.96,0.975
2018-11-18 12:12:23,670.003,132.944,50.0,31.862,31.335,40.684,20.04,0.972
2018-11-18 12:13:24,670.003,132.944,50.0,33.837,31.272,34.404,18.96,0.975
2018-11-18 12:14:25,670.003,132.944,49.98,33.779,29.832,34.156,18.84,0.974
2018-11-18 12:15:26,670.004,132.944,49.95,31.995,31.268,34.347,20.12,0.968
2018-11-18 12:16:27,670.004,132.944,49.96,32.142,31.565,33.923,19.91,0.968
2018-11-18 12:17:28,670.004,132.944,49.92,31.916,29.708,33.888,20.02,0.973
2018-11-18 12:18:29,670.005,132.944,49.88,32.281,30.312,33.797,20.09,0.974
2018-11-18 12:19:30,670.005,132.944,49.83,32.533,31.486,33.919,19.95,0.974
2018-11-18 12:20:31,670.006,132.944,49.8,32.533,34.147,33.674,19.18,0.974
2018-11-18 12:21:32,670.006,132.944,49.86,33.828,35.256,39.926,19.27,0.975
2018-11-18 12:22:33,670.006,132.944,49.9,32.252,33.939,33.995,19.86,0.974
2018-11-18 12:23:34,670.007,132.944,50.0,31.979,33.545,33.962,20.0,0.974
2018-11-18 12:24:35,670.007,132.944,49.97,32.281,34.395,33.505,19.96,0.974
2018-11-18 12:25:36,670.008,132.944,49.91,32.26,31.721,33.801,19.81,0.974
2018-11-18 12:26:37,670.008,132.944,49.98,32.253,29.872,33.66,19.87,0.973
2018-11-18 12:27:37,670.008,132.944,49.96,32.154,29.798,33.905,19.3,0.973
2018-11-18 12:28:38,670.009,132.944,50.0,31.989,31.169,34.03,19.89,0.973
2018-11-18 12:29:39,670.009,132.944,50.06,34.163,31.595,34.365,18.72,0.975
2018-11-18 12:30:40,670.009,132.944,50.1,32.134,32.408,40.643,19.8,0.973
2018-11-18 12:31:41,670.01,132.944,50.14,33.869,33.452,34.187,19.08,0.975
2018-11-18 12:32:42,670.01,132.944,50.24,33.943,32.59,34.288,18.53,0.975
2018-11-18 12:33:43,670.011,132.944,50.23,33.515,35.119,34.301,19.03,0.97
2018-11-18 12:34:44,670.011,132.944,50.08,31.844,35.166,34.426,20.17,0.968
2018-11-18 12:35:45,670.011,132.944,50.05,32.337,34.769,34.148,20.13,0.968
2018-11-18 12:36:46,670.012,132.944,50.0,32.09,33.448,34.184,20.06,0.965
2018-11-18 12:37:47,670.012,132.944,49.86,31.558,30.188,34.41,19.77,0.966
2018-11-18 12:38:48,670.013,132.944,49.84,31.424,32.602,40.866,19.73,0.969
2018-11-18 12:39:49,670.013,132.944,49.93,31.219,32.436,40.684,19.43,0.967
2018-11-18 12:40:50,670.013,132.944,50.04,31.661,30.745,34.336,19.91,0.968
2018-11-18 12:41:51,670.014,132.945,50.02,31.345,32.776,34.351,19.88,0.969
2018-11-18 12:42:52,670.014,132.945,50.0,31.546,32.023,34.321,19.91,0.967
2018-11-18 12:43:53,670.014,132.945,50.08,31.733,32.145,34.224,19.49,0.969
2018-11-18 12:44:54,670.015,132.945,50.04,31.721,30.916,34.198,19.46,0.968
2018-11-18 12:45:55,670.015,132.945,49.98,33.681,32.185,34.197,18.08,0.972
2018-11-18 12:46:55,670.016,132.945,49.95,31.627,33.677,35.775,18.87,0.97
2018-11-18 12:47:56,670.016,132.945,49.99,31.745,32.403,35.8,19.6,0.971
2018-11-18 12:48:57,670.016,132.945,50.05,32.782,31.965,40.602,18.62,0.969
2018-11-18 12:49:58,670.017,132.945,50.07,31.642,30.908,34.4,18.55,0.969
2018-11-18 12:50:59,670.017,132.945,50.12,31.53,30.304,34.269,19.73,0.968
2018-11-18 12:52:00,670.018,132.945,50.16,31.378,33.901,34.388,19.66,0.971
2018-11-18 12:53:01,670.018,132.945,50.12,31.709,33.848,34.456,19.45,0.97
2018-11-18 12:54:02,670.018,132.945,50.1,31.443,35.414,34.479,19.67,0.971
2018-11-18 12:55:03,670.019,132.945,50.14,32.934,33.704,34.439,19.16,0.972
2018-11-18 12:56:04,670.019,132.945,50.15,33.336,32.985,34.348,18.32,0.971
2018-11-18 12:57:05,670.02,132.945,50.15,33.173,32.42,34.464,18.53,0.97
2018-11-18 12:58:06,670.02,132.945,50.07,33.169,32.504,40.476,18.84,0.972
2018-11-18 12:59:07,670.02,132.945,50.07,31.439,34.31,40.633,19.46,0.971
2018-11-18 13:00:08,670.021,132.945,50.06,31.388,33.509,34.412,19.61,0.971
2018-11-18 13:01:09,670.021,132.945,49.98,31.782,32.649,34.771,19.42,0.971
2018-11-18 13:02:10,670.021,132.945,49.94,31.567,32.856,34.941,19.38,0.972
2018-11-18 13:03:11,670.022,132.945,49.92,33.606,32.867,35.412,18.02,0.972
2018-11-18 13:04:12,670.022,132.945,49.89,32.025,32.927,35.579,19.11,0.973
2018-11-18 13:05:13,670.023,132.945,49.88,31.644,31.403,35.734,19.1,0.971
2018-11-18 13:06:14,670.023,132.945,49.92,35.231,32.395,35.506,17.79,0.974
2018-11-18 13:07:15,670.023,132.945,49.96,32.059,33.336,46.5,18.86,0.97
2018-11-18 13:08:15,670.024,132.945,49.92,33.578,32.085,46.482,18.83,0.97
2018-11-18 13:09:16,670.024,132.945,49.96,31.536,31.835,40.332,19.27,0.97
2018-11-18 13:10:17,670.025,132.945,49.91,31.978,35.056,40.198,18.5,0.971
2018-11-18 13:11:18,670.025,132.945,49.91,32.041,34.774,35.484,19.35,0.974
2018-11-18 13:12:19,670.025,132.945,49.9,31.767,33.495,35.568,19.35,0.973
2018-11-18 13:13:20,670.026,132.945,49.92,31.899,33.438,35.632,19.32,0.972
2018-11-18 13:14:21,670.026,132.945,49.94,31.719,33.104,35.594,19.24,0.972
2018-11-18 13:15:22,670.027,132.945,49.96,33.134,32.321,35.653,19.34,0.973
2018-11-18 13:16:23,670.027,132.945,49.97,31.949,32.698,41.735,19.26,0.971
2018-11-18 13:17:24,670.027,132.945,49.93,31.605,35.622,41.709,19.28,0.973
2018-11-18 13:18:25,670.028,132.946,49.96,33.722,35.135,35.441,18.05,0.974
2018-11-18 13:19:26,670.028,132.946,50.02,33.144,36.672,35.714,18.56,0.975
2018-11-18 13:20:27,670.029,132.946,50.06,33.621,38.426,35.463,18.37,0.976
2018-11-18 13:21:28,670.029,132.946,50.12,31.82,34.676,35.324,19.46,0.973
2018-11-18 13:22:29,670.029,132.946,50.06,33.245,32.933,35.537,18.79,0.972
2018-11-18 13:23:30,670.03,132.946,50.07,33.111,32.65,35.538,18.66,0.973
2018-11-18 13:24:31,670.03,132.946,50.01,31.507,34.275,37.163,19.4,0.973
2018-11-18 13:25:32,670.031,132.946,49.95,31.628,33.007,43.192,19.17,0.971
2018-11-18 13:26:33,670.031,132.946,50.05,31.442,30.671,43.391,19.13,0.971
2018-11-18 13:27:34,670.031,132.946,50.06,31.457,33.104,35.627,19.35,0.971
2018-11-18 13:28:35,670.032,132.946,50.12,31.669,31.92,35.819,19.39,0.97
2018-11-18 13:29:36,670.032,132.946,50.12,31.691,31.283,35.564,19.14,0.972
2018-11-18 13:30:37,670.033,132.946,50.06,31.647,33.287,35.438,19.55,0.97
2018-11-18 13:31:37,670.033,132.946,50.05,31.732,32.571,35.563,19.35,0.969
2018-11-18 13:32:38,670.033,132.946,50.05,31.611,32.502,36.426,19.72,0.969
2018-11-18 13:33:39,670.034,132.946,50.0,31.415,32.144,35.622,19.39,0.969
2018-11-18 13:34:40,670.034,132.946,49.95,31.363,30.722,41.896,18.98,0.969
2018-11-18 13:35:42,670.035,132.946,49.93,33.176,31.836,41.853,18.24,0.971
2018-11-18 13:36:43,670.035,132.946,50.08,31.542,32.179,36.153,19.35,0.969
2018-11-18 13:37:44,670.035,132.946,50.04,31.507,31.916,36.232,19.51,0.969
2018-11-18 13:38:45,670.036,132.946,50.05,31.465,32.353,35.83,19.26,0.967
2018-11-18 13:39:46,670.036,132.946,50.04,31.639,31.948,35.549,19.08,0.968
2018-11-18 13:40:46,670.036,132.946,50.03,35.994,32.196,35.717,17.46,0.974
2018-11-18 13:41:47,670.037,132.946,50.05,34.654,30.54,35.75,17.74,0.971
2018-11-18 13:42:48,670.037,132.946,50.06,33.158,31.454,35.628,18.45,0.972
2018-11-18 13:43:49,670.038,132.946,50.04,31.91,33.462,41.634,19.3,0.972
2018-11-18 13:44:50,670.038,132.946,50.08,31.579,33.529,41.747,19.32,0.971
2018-11-18 13:45:51,670.038,132.946,50.1,32.074,34.736,34.998,19.4,0.972
2018-11-18 13:46:52,670.039,132.946,50.09,32.002,32.695,36.943,19.21,0.971
2018-11-18 13:47:53,670.039,132.946,50.08,31.799,31.197,37.323,19.23,0.97
2018-11-18 13:48:54,670.04,132.946,50.1,31.919,33.944,37.6,19.17,0.97
2018-11-18 13:49:55,670.04,132.946,50.1,31.726,33.351,34.99,19.23,0.971
2018-11-18 13:50:56,670.04,132.946,50.17,31.785,31.181,36.024,18.91,0.971
2018-11-18 13:51:57,670.041,132.946,50.13,31.717,31.537,37.218,19.43,0.968
2018-11-18 13:52:58,670.041,132.946,50.15,32.192,32.033,44.79,19.31,0.97
2018-11-18 13:53:59,670.042,132.946,50.13,33.465,31.356,44.033,18.32,0.972
2018-11-18 13:55:00,670.042,132.946,50.15,31.868,30.609,35.274,19.52,0.969
2018-11-18 13:56:01,670.042,132.947,50.15,33.208,32.353,35.48,19.53,0.97
2018-11-18 13:57:02,670.043,132.947,50.16,31.511,32.168,37.108,19.45,0.968
2018-11-18 13:58:02,670.043,132.947,50.12,33.182,32.159,42.039,19.05,0.969
2018-11-18 13:59:03,670.044,132.947,50.19,34.392,34.19,43.429,18.22,0.972
2018-11-18 14:00:04,670.044,132.947,50.19,31.587,35.316,35.65,19.49,0.97
2018-11-18 14:01:05,670.044,132.947,50.17,31.695,35.765,37.176,19.74,0.97
2018-11-18 14:02:06,670.045,132.947,50.15,31.326,33.996,36.95,19.46,0.969
2018-11-18 14:03:07,670.045,132.947,50.13,31.414,31.031,37.446,19.69,0.968
2018-11-18 14:04:08,670.045,132.947,50.13,31.3,29.921,45.853,19.57,0.967
2018-11-18 14:05:09,670.046,132.947,50.08,34.647,32.195,43.373,17.7,0.97
2018-11-18 14:06:10,670.046,132.947,50.08,33.221,31.116,38.681,18.48,0.968
2018-11-18 14:07:11,670.047,132.947,50.09,31.22,30.135,36.392,19.8,0.965
2018-11-18 14:08:12,670.047,132.947,50.02,31.466,32.475,35.676,18.91,0.966
2018-11-18 14:09:13,670.047,132.947,49.97,31.765,32.277,35.362,19.3,0.966
2018-11-18 14:10:14,670.048,132.947,49.94,31.597,30.901,35.787,19.53,0.966
2018-11-18 14:11:15,670.048,132.947,50.09,34.954,33.84,37.427,18.41,0.971
2018-11-18 14:12:16,670.049,132.947,50.08,31.27,32.839,36.699,19.87,0.966
2018-11-18 14:13:17,670.049,132.947,50.09,31.262,32.646,41.893,19.68,0.966
2018-11-18 14:14:18,670.049,132.947,50.1,31.621,32.812,43.741,19.51,0.966
2018-11-18 14:15:19,670.05,132.947,50.05,31.534,31.999,38.109,19.39,0.968
2018-11-18 14:16:20,670.05,132.947,50.06,32.663,30.407,40.615,18.59,0.966
2018-11-18 14:17:21,670.051,132.947,50.09,34.383,29.851,36.823,18.69,0.969
2018-11-18 14:18:22,670.051,132.947,50.15,32.699,31.924,35.405,19.64,0.968
2018-11-18 14:19:23,670.051,132.947,50.21,31.129,30.643,35.597,19.57,0.965
2018-11-18 14:20:23,670.052,132.947,50.15,31.164,29.83,35.766,19.74,0.966
2018-11-18 14:21:24,670.052,132.947,50.17,30.972,31.351,35.665,19.7,0.966
2018-11-18 14:22:25,670.052,132.947,50.13,31.209,30.751,41.865,19.74,0.965
2018-11-18 14:23:26,670.053,132.947,50.13,32.45,29.9,41.816,18.61,0.965
2018-11-18 14:24:27,670.053,132.947,50.12,31.069,32.015,35.731,19.87,0.967
2018-11-18 14:25:28,670.054,132.947,50.03,30.854,30.568,35.824,19.86,0.966
2018-11-18 14:26:29,670.054,132.947,50.03,31.017,31.463,35.738,19.58,0.967
2018-11-18 14:27:30,670.054,132.947,50.02,32.899,31.189,35.746,19.36,0.97
2018-11-18 14:28:31,670.055,132.947,50.0,34.567,32.576,35.583,17.8,0.971
2018-11-18 14:29:32,670.055,132.947,49.96,32.604,32.63,35.869,18.86,0.971
2018-11-18 14:30:33,670.056,132.947,49.92,32.479,30.993,35.859,19.2,0.97
2018-11-18 14:31:34,670.056,132.947,49.88,31.379,30.488,41.801,19.61,0.968
2018-11-18 14:32:35,670.056,132.947,49.92,30.839,33.445,42.142,19.66,0.969
2018-11-18 14:33:36,670.057,132.948,49.91,31.333,32.219,35.681,19.46,0.969
2018-11-18 14:34:37,670.057,132.948,49.95,32.747,31.275,35.133,18.65,0.971
2018-11-18 14:35:38,670.057,132.948,49.9,30.807,33.652,35.203,18.94,0.969
2018-11-18 14:36:39,670.058,132.948,49.94,31.109,34.119,35.269,19.42,0.97
2018-11-18 14:37:40,670.058,132.948,49.94,31.406,31.806,34.955,19.17,0.97
2018-11-18 14:38:41,670.059,132.948,49.91,31.312,32.096,35.65,18.98,0.97
2018-11-18 14:39:42,670.059,132.948,49.89,31.437,33.674,35.667,19.37,0.97
2018-11-18 14:40:43,670.059,132.948,49.85,31.303,32.696,35.837,18.44,0.97
2018-11-18 14:41:44,670.06,132.948,49.87,31.668,33.65,42.027,19.13,0.97
2018-11-18 14:42:45,670.06,132.948,49.87,31.451,34.028,37.356,19.37,0.97
2018-11-18 14:43:45,670.061,132.948,49.94,31.077,30.848,37.274,19.43,0.97
2018-11-18 14:44:46,670.061,132.948,49.99,33.265,30.131,35.713,18.32,0.97
2018-11-18 14:45:47,670.061,132.948,50.1,31.266,31.917,35.608,19.13,0.969
2018-11-18 14:46:48,670.062,132.948,50.07,31.531,32.051,35.607,19.29,0.969
2018-11-18 14:47:49,670.062,132.948,49.97,32.942,31.943,35.593,18.52,0.97
2018-11-18 14:48:50,670.063,132.948,49.9,31.19,31.219,35.686,19.55,0.97
2018-11-18 14:49:51,670.063,132.948,49.96,31.302,29.887,35.723,19.52,0.97
2018-11-18 14:50:52,670.063,132.948,49.97,31.362,33.429,42.005,19.55,0.971
2018-11-18 14:51:53,670.064,132.948,50.0,33.262,33.034,35.85,18.55,0.972
2018-11-18 14:52:54,670.064,132.948,50.06,32.859,30.751,35.899,18.38,0.971
2018-11-18 14:53:55,670.064,132.948,50.13,32.889,29.918,35.746,18.77,0.97
2018-11-18 14:54:56,670.065,132.948,50.08,31.234,31.53,35.756,19.42,0.969
2018-11-18 14:55:57,670.065,132.948,50.17,31.253,32.127,35.739,19.51,0.969
2018-11-18 14:56:58,670.066,132.948,50.1,31.382,31.985,35.843,19.5,0.969
2018-11-18 14:57:59,670.066,132.948,50.09,31.288,31.161,35.903,19.72,0.97
2018-11-18 14:59:00,670.066,132.948,50.04,31.648,32.623,35.791,19.32,0.969
2018-11-18 15:00:01,670.067,132.948,50.02,33.094,32.656,41.942,19.46,0.972
2018-11-18 15:01:02,670.067,132.948,50.08,31.535,31.768,35.063,19.18,0.97
2018-11-18 15:02:03,670.068,132.948,50.02,31.69,33.781,37.432,19.42,0.971
2018-11-18 15:03:03,670.068,132.948,50.05,33.234,33.364,37.512,18.23,0.972
2018-11-18 15:04:04,670.068,132.948,50.01,31.55,30.835,37.517,19.01,0.969
2018-11-18 15:05:05,670.069,132.948,49.96,31.579,30.437,36.919,19.47,0.967
2018-11-18 15:06:06,670.069,132.948,50.01,31.891,31.991,34.598,19.3,0.966
2018-11-18 15:07:07,670.069,132.948,49.99,31.768,30.961,36.591,19.34,0.968
2018-11-18 15:08:08,670.07,132.948,50.07,31.558,29.802,37.541,19.25,0.967
2018-11-18 15:09:09,670.07,132.948,50.08,31.52,32.088,35.674,19.23,0.969
2018-11-18 15:10:10,670.071,132.948,49.98,33.151,30.979,35.684,17.95,0.971
2018-11-18 15:11:11,670.071,132.948,49.96,33.259,30.099,40.267,18.43,0.968
2018-11-18 15:12:12,670.071,132.949,49.96,31.786,31.933,40.451,18.8,0.966
2018-11-18 15:13:13,670.072,132.949,49.96,31.613,31.921,40.492,19.52,0.968
2018-11-18 15:14:14,670.072,132.949,50.0,31.75,30.326,40.521,19.24,0.966
2018-11-18 15:15:15,670.073,132.949,50.02,33.396,31.926,37.686,18.54,0.973
2018-11-18 15:16:16,670.073,132.949,49.98,31.619,31.504,37.572,19.12,0.97
2018-11-18 15:17:16,670.073,132.949,49.98,31.967,30.193,35.589,18.74,0.97
2018-11-18 15:18:17,670.074,132.949,49.95,31.676,32.515,35.438,19.33,0.971
2018-11-18 15:19:18,670.074,132.949,49.93,33.384,32.223,38.31,19.0,0.971
2018-11-18 15:20:19,670.075,132.949,49.94,33.623,31.757,38.146,18.28,0.972
2018-11-18 15:21:20,670.075,132.949,49.94,31.646,33.194,38.689,19.29,0.971
2018-11-18 15:22:21,670.075,132.949,49.97,31.543,34.977,38.528,19.26,0.972
2018-11-18 15:23:22,670.076,132.949,50.05,31.692,34.149,36.847,18.85,0.971
2018-11-18 15:24:23,670.076,132.949,50.04,31.539,32.896,35.592,19.12,0.972
2018-11-18 15:25:24,670.077,132.949,50.08,31.441,34.842,35.579,18.98,0.971
2018-11-18 15:26:25,670.077,132.949,50.09,31.44,32.229,37.592,19.13,0.97
2018-11-18 15:27:26,670.077,132.949,50.08,31.631,30.301,38.211,18.81,0.97
2018-11-18 15:28:27,670.078,132.949,50.11,33.043,32.225,38.057,18.23,0.972
2018-11-18 15:29:28,670.078,132.949,49.98,31.482,33.977,36.666,19.22,0.971
2018-11-18 15:30:29,670.078,132.949,49.89,31.531,30.773,39.785,19.19,0.969
2018-11-18 15:31:30,670.079,132.949,49.94,31.541,32.093,36.557,19.38,0.97
2018-11-18 15:32:31,670.079,132.949,49.85,33.043,32.59,34.495,18.64,0.97
2018-11-18 15:33:32,670.08,132.949,49.89,33.021,30.452,34.808,18.43,0.969
2018-11-18 15:34:33,670.08,132.949,49.87,33.039,30.769,37.865,18.33,0.969
2018-11-18 15:35:34,670.08,132.949,49.89,32.861,31.96,37.273,18.4,0.969
2018-11-18 15:36:35,670.081,132.949,49.91,31.488,30.564,36.733,19.03,0.967
2018-11-18 15:37:36,670.081,132.949,49.95,33.251,29.69,34.495,18.27,0.968
2018-11-18 15:38:37,670.082,132.949,49.96,31.527,31.941,34.681,19.42,0.967
2018-11-18 15:39:38,670.082,132.949,49.84,31.668,32.002,38.346,19.31,0.969
2018-11-18 15:40:38,670.082,132.949,49.87,31.723,33.39,37.931,19.15,0.969
2018-11-18 15:41:39,670.083,132.949,49.85,31.548,32.17,38.851,19.47,0.968
2018-11-18 15:42:40,670.083,132.949,49.92,31.612,30.117,38.841,19.39,0.967
2018-11-18 15:43:41,670.083,132.949,49.91,31.32,32.066,36.076,19.49,0.968
2018-11-18 15:44:42,670.084,132.949,50.01,31.8,32.01,39.452,19.38,0.967
2018-11-18 15:45:43,670.084,132.949,50.1,32.869,31.31,34.453,18.53,0.969
2018-11-18 15:46:44,670.085,132.949,50.1,32.987,32.774,34.555,18.67,0.969
2018-11-18 15:47:45,670.085,132.95,50.16,31.699,32.552,34.624,19.56,0.967
2018-11-18 15:48:46,670.085,132.95,50.24,31.434,31.832,36.347,19.29,0.968
2018-11-18 15:49:47,670.086,132.95,50.34,31.344,30.947,36.537,19.61,0.968
2018-11-18 15:50:48,670.086,132.95,50.3,31.672,32.274,37.972,19.52,0.967
2018-11-18 15:51:49,670.087,132.95,50.27,31.581,31.702,38.842,19.33,0.967
2018-11-18 15:52:50,670.087,132.95,50.22,31.394,31.309,38.773,19.71,0.964
2018-11-18 15:53:51,670.087,132.95,50.16,32.836,30.365,34.779,18.51,0.969
2018-11-18 15:54:52,670.088,132.95,50.0,35.208,32.203,34.506,17.54,0.972
2018-11-18 15:55:53,670.088,132.95,49.86,31.765,31.944,37.837,19.32,0.969
2018-11-18 15:56:53,670.089,132.95,49.85,31.519,31.205,34.498,19.46,0.97
2018-11-18 15:57:55,670.089,132.95,49.87,31.474,30.107,37.615,19.32,0.969
2018-11-18 15:58:55,670.089,132.95,49.91,31.703,31.969,37.638,19.3,0.971
2018-11-18 15:59:56,670.09,132.95,49.94,31.601,31.063,38.972,19.22,0.969
2018-11-18 16:00:57,670.09,132.95,50.06,31.298,29.724,37.921,19.59,0.968
2018-11-18 16:01:58,670.09,132.95,50.05,32.978,31.945,34.73,19.29,0.969
2018-11-18 16:02:59,670.091,132.95,50.11,31.211,31.928,39.51,19.66,0.967
2018-11-18 16:04:00,670.091,132.95,50.06,34.576,30.605,36.426,18.03,0.97
2018-11-18 16:05:01,670.092,132.95,50.14,32.722,32.247,36.844,18.8,0.969
2018-11-18 16:06:02,670.092,132.95,50.14,30.913,34.526,37.277,19.74,0.969
2018-11-18 16:07:03,670.092,132.95,50.11,31.409,35.357,34.692,19.81,0.97
2018-11-18 16:08:04,670.093,132.95,50.08,31.491,32.988,36.187,19.5,0.969
2018-11-18 16:09:05,670.093,132.95,50.04,31.207,30.218,36.545,19.73,0.967
2018-11-18 16:10:06,670.094,132.95,50.02,31.216,33.166,36.205,19.45,0.968
2018-11-18 16:11:07,670.094,132.95,50.07,32.799,32.272,36.95,19.37,0.97
2018-11-18 16:12:08,670.094,132.95,50.14,33.068,30.995,34.655,18.59,0.969
2018-11-18 16:13:09,670.095,132.95,50.08,34.504,33.274,34.684,17.82,0.971
2018-11-18 16:14:10,670.095,132.95,50.14,32.831,32.564,34.616,17.98,0.968
2018-11-18 16:15:11,670.095,132.95,50.13,32.972,31.51,37.385,19.12,0.968
2018-11-18 16:16:12,670.096,132.95,50.16,32.525,29.817,35.802,18.75,0.966
2018-11-18 16:17:13,670.096,132.95,50.16,32.509,31.42,37.2,18.58,0.966
2018-11-18 16:18:14,670.097,132.95,50.18,32.53,30.298,36.93,18.86,0.966
2018-11-18 16:19:15,670.097,132.95,50.19,32.777,29.246,36.488,18.77,0.967
2018-11-18 16:20:15,670.097,132.95,50.26,30.982,32.958,34.731,20.02,0.966
2018-11-18 16:21:16,670.098,132.95,50.26,31.042,29.838,35.507,19.95,0.963
2018-11-18 16:22:17,670.098,132.95,50.22,32.379,29.455,34.669,18.93,0.967
2018-11-18 16:23:18,670.099,132.951,50.14,31.091,29.752,34.686,19.98,0.964
2018-11-18 16:24:19,670.099,132.951,50.1,30.839,33.494,34.706,19.96,0.965
2018-11-18 16:25:20,670.099,132.951,50.06,31.143,32.391,34.447,19.77,0.964
2018-11-18 16:26:21,670.1,132.951,50.09,30.82,31.106,34.731,20.06,0.964
2018-11-18 16:27:22,670.1,132.951,50.07,31.265,29.066,34.577,20.06,0.963
2018-11-18 16:28:23,670.1,132.951,50.01,31.09,29.732,37.533,20.25,0.962
2018-11-18 16:29:24,670.101,132.951,49.86,31.061,29.46,38.017,20.23,0.959
2018-11-18 16:30:25,670.101,132.951,49.91,32.512,27.461,29.434,18.81,0.955
2018-11-18 16:31:26,670.101,132.951,49.9,30.83,26.827,29.363,20.44,0.95
2018-11-18 16:32:27,670.102,132.951,49.89,28.603,26.214,32.242,18.47,0.953
2018-11-18 16:33:28,670.102,132.951,49.93,26.601,25.442,29.267,19.58,0.951
2018-11-18 16:34:29,670.102,132.951,49.93,24.715,25.582,29.972,20.81,0.947
2018-11-18 16:35:29,670.103,132.951,49.96,15.776,22.603,31.217,22.75,0.95
2018-11-18 16:36:30,670.103,132.951,49.94,15.789,21.169,31.021,23.12,0.952
2018-11-18 16:37:31,670.103,132.951,49.98,15.588,20.46,25.632,21.52,0.959
2018-11-18 16:38:32,670.103,132.951,49.98,15.485,22.401,25.636,22.26,0.959
2018-11-18 16:39:33,670.104,132.951,50.05,17.108,20.504,26.68,20.44,0.961
2018-11-18 16:40:34,670.104,132.951,50.06,17.105,19.504,27.045,19.91,0.96
2018-11-18 16:41:35,670.104,132.951,50.08,15.721,21.444,26.292,20.07,0.957
2018-11-18 16:42:36,670.104,132.951,50.12,15.407,20.43,25.577,22.95,0.957
2018-11-18 16:43:37,670.105,132.951,50.16,16.197,19.568,25.4,22.15,0.962
2018-11-18 16:44:38,670.105,132.951,50.12,15.754,21.32,26.772,22.68,0.963
2018-11-18 16:45:39,670.105,132.951,50.08,15.884,22.085,27.428,22.02,0.965
2018-11-18 16:46:40,670.105,132.951,50.08,17.463,19.404,29.299,19.84,0.966
2018-11-18 16:47:41,670.106,132.951,50.12,15.916,21.653,29.734,20.05,0.967
2018-11-18 16:48:42,670.106,132.951,50.17,17.201,20.782,32.4,19.79,0.971
2018-11-18 16:49:43,670.106,132.951,50.14,15.681,23.384,32.186,22.17,0.966
2018-11-18 16:50:44,670.106,132.951,50.12,15.837,21.52,29.69,22.08,0.964
2018-11-18 16:51:44,670.107,132.951,50.15,18.967,21.211,29.554,19.53,0.971
2018-11-18 16:52:45,670.107,132.951,50.16,17.191,19.443,31.114,20.22,0.976
2018-11-18 16:53:46,670.107,132.951,50.22,17.097,18.279,29.877,22.02,0.976
2018-11-18 16:54:47,670.107,132.951,50.22,15.824,21.504,29.96,22.55,0.971
2018-11-18 16:55:48,670.108,132.951,50.17,15.877,20.71,29.485,22.35,0.972
2018-11-18 16:56:49,670.108,132.951,50.2,18.842,19.148,29.689,19.84,0.977
2018-11-18 16:57:50,670.108,132.951,50.19,15.74,20.764,29.61,20.42,0.97
2018-11-18 16:58:51,670.108,132.951,50.17,15.766,20.801,29.608,21.76,0.972
2018-11-18 16:59:52,670.109,132.951,50.13,15.942,19.673,32.309,21.2,0.975
2018-11-18 17:00:53,670.109,132.952,50.17,16.359,19.556,29.663,22.25,0.97
2018-11-18 17:01:54,670.109,132.952,50.18,17.748,20.568,26.342,21.01,0.971
2018-11-18 17:02:55,670.109,132.952,50.2,16.499,19.419,33.272,21.64,0.97
2018-11-18 17:03:56,670.11,132.952,50.15,17.946,19.152,31.043,20.81,0.972
2018-11-18 17:04:57,670.11,132.952,50.01,18.348,20.967,30.901,19.29,0.972
2018-11-18 17:05:58,670.11,132.952,49.92,16.468,20.826,31.171,21.27,0.97
2018-11-18 17:06:59,670.111,132.952,49.9,16.504,18.443,28.505,21.02,0.974
2018-11-18 17:07:59,670.111,132.952,50.0,16.787,17.22,27.138,22.56,0.971
2018-11-18 17:09:00,670.111,132.952,50.0,16.805,19.284,29.314,22.29,0.971
2018-11-18 17:10:01,670.111,132.952,50.06,16.796,19.312,26.244,22.14,0.971
2018-11-18 17:11:02,670.111,132.952,50.14,18.291,18.363,26.026,20.56,0.973
2018-11-18 17:12:03,670.112,132.952,50.17,18.453,17.711,26.083,20.47,0.974
2018-11-18 17:13:04,670.112,132.952,50.27,16.814,19.416,27.897,22.83,0.972
2018-11-18 17:14:05,670.112,132.952,50.31,18.022,18.895,28.467,20.62,0.971
2018-11-18 17:15:06,670.112,132.952,50.34,18.17,17.737,26.671,21.76,0.973
2018-11-18 17:16:07,670.113,132.952,50.19,16.517,19.796,26.774,23.07,0.971
2018-11-18 17:17:08,670.113,132.952,50.19,16.207,19.705,28.756,23.19,0.97
2018-11-18 17:18:09,670.113,132.952,50.16,16.717,18.657,26.483,23.12,0.971
2018-11-18 17:19:10,670.113,132.952,50.09,15.968,20.65,26.704,23.32,0.97
2018-11-18 17:20:11,670.114,132.952,50.06,16.194,21.491,30.993,23.51,0.973
2018-11-18 17:21:12,670.114,132.952,50.03,15.891,19.893,27.041,22.07,0.968
2018-11-18 17:22:13,670.114,132.952,49.98,17.76,20.223,29.661,20.87,0.971
2018-11-18 17:23:14,670.114,132.952,49.94,17.481,20.095,25.484,21.38,0.967
2018-11-18 17:24:15,670.115,132.952,50.02,15.951,19.16,25.453,24.37,0.97
2018-11-18 17:25:16,670.115,132.952,50.06,15.682,19.972,25.423,24.06,0.966
2018-11-18 17:26:17,670.115,132.952,50.09,15.661,22.089,26.326,23.35,0.97
2018-11-18 17:27:18,670.115,132.952,50.07,15.768,19.232,25.375,24.43,0.968
2018-11-18 17:28:18,670.116,132.952,50.03,15.545,17.328,24.228,22.81,0.965
2018-11-18 17:29:19,670.116,132.952,50.02,15.382,19.281,24.016,24.47,0.964
2018-11-18 17:30:20,670.116,132.952,49.89,17.079,19.334,24.866,23.8,0.965
2018-11-18 17:31:22,670.116,132.952,49.86,18.813,17.918,24.223,19.98,0.97
2018-11-18 17:32:24,670.117,132.952,49.9,15.371,17.117,24.546,24.98,0.965
2018-11-18 17:33:24,670.117,132.952,49.88,15.65,17.421,24.313,24.59,0.967
2018-11-18 17:34:24,670.117,132.952,49.94,17.175,21.213,24.341,23.86,0.97
2018-11-18 17:35:26,670.117,132.952,49.99,15.218,21.555,24.197,24.96,0.966
2018-11-18 17:36:26,670.117,132.952,50.06,15.506,20.172,24.454,24.76,0.967
2018-11-18 17:37:27,670.118,132.952,50.1,15.57,19.526,24.412,24.97,0.966
2018-11-18 17:38:28,670.118,132.952,50.08,15.346,17.728,24.526,24.52,0.965
2018-11-18 17:39:29,670.118,132.952,50.09,15.188,17.5,24.55,24.28,0.965
2018-11-18 17:40:30,670.118,132.952,50.06,17.14,21.218,24.383,22.33,0.969
2018-11-18 17:41:31,670.119,132.952,50.04,15.227,21.438,24.32,24.75,0.965
2018-11-18 17:42:32,670.119,132.952,50.07,15.337,18.596,24.5,25.17,0.965
2018-11-18 17:43:33,670.119,132.952,50.04,15.678,17.873,24.377,25.46,0.965
2018-11-18 17:44:34,670.119,132.952,50.11,17.001,21.234,24.542,25.72,0.969
2018-11-18 17:45:35,670.12,132.953,50.09,15.72,20.748,24.697,25.26,0.967
2018-11-18 17:46:36,670.12,132.953,50.06,15.799,19.13,24.458,25.41,0.966
2018-11-18 17:47:36,670.12,132.953,50.06,17.169,20.134,24.814,21.65,0.943
2018-11-18 17:48:37,670.12,132.953,50.0,17.159,23.777,28.486,22.74,0.967
2018-11-18 17:49:38,670.12,132.953,49.96,16.352,22.635,28.242,25.54,0.966
2018-11-18 17:50:39,670.121,132.953,49.9,17.922,22.015,29.788,23.28,0.97
2018-11-18 17:51:41,670.121,132.953,49.75,16.208,23.859,29.982,20.81,0.967
2018-11-18 17:52:41,670.121,132.953,49.66,16.398,22.622,28.195,25.06,0.966
2018-11-18 17:53:43,670.122,132.953,49.68,16.288,21.102,28.285,24.94,0.966
2018-11-18 17:54:43,670.122,132.953,49.84,16.178,20.873,28.549,24.26,0.965
2018-11-18 17:55:46,670.122,132.953,49.94,16.172,21.678,28.545,26.02,0.965
2018-11-18 17:56:45,670.122,132.953,50.01,18.115,22.819,28.612,23.09,0.968
2018-11-18 17:57:46,670.123,132.953,50.13,16.874,21.799,28.142,25.4,0.967
2018-11-18 17:58:47,670.123,132.953,50.19,16.576,21.005,28.352,25.9,0.965
2018-11-18 17:59:49,670.123,132.953,50.24,16.352,21.015,28.492,25.44,0.965
2018-11-19 04:06:12,670.264,132.965,49.92,14.241,18.951,21.497,24.38,0.958
2018-11-19 04:07:13,670.264,132.965,49.93,14.414,21.161,21.625,26.97,0.958
2018-11-19 04:08:14,670.264,132.965,49.94,14.121,21.634,21.573,24.56,0.958
2018-11-19 04:09:15,670.264,132.965,49.98,14.166,21.157,21.507,27.38,0.959
2018-11-19 04:10:16,670.265,132.965,49.94,14.126,20.492,22.067,27.37,0.959
2018-11-19 04:11:17,670.265,132.965,50.04,14.541,24.462,21.882,26.51,0.959
2018-11-19 04:12:18,670.265,132.965,50.08,16.17,23.991,21.941,24.01,0.964
2018-11-19 04:13:19,670.265,132.965,50.08,14.399,23.585,21.778,27.23,0.96
2018-11-19 04:14:20,670.266,132.965,50.23,15.949,22.624,21.972,24.08,0.965
2018-11-19 04:15:21,670.266,132.966,50.24,14.477,23.328,21.871,26.17,0.96
2018-11-19 04:16:22,670.266,132.966,50.17,14.204,21.735,21.862,27.28,0.957
2018-11-19 04:17:23,670.266,132.966,50.17,14.254,20.575,22.115,26.58,0.957
2018-11-19 04:18:23,670.266,132.966,50.13,14.253,19.421,22.06,26.89,0.957
2018-11-19 04:19:24,670.267,132.966,49.97,15.607,20.122,22.089,27.85,0.956
2018-11-19 04:20:25,670.267,132.966,49.87,14.303,23.079,23.428,28.02,0.954
2018-11-19 04:21:26,670.267,132.966,49.92,14.257,21.489,23.601,26.6,0.954
2018-11-19 04:22:27,670.267,132.966,49.87,17.359,19.159,21.883,23.56,0.961
2018-11-19 04:23:28,670.268,132.966,49.89,14.398,19.262,21.983,27.81,0.952
2018-11-19 04:24:29,670.268,132.966,49.87,14.141,20.875,21.924,27.97,0.952
2018-11-19 04:25:30,670.268,132.966,49.82,14.36,19.966,21.889,28.34,0.951
2018-11-19 04:26:31,670.268,132.966,49.87,14.245,19.134,22.122,27.97,0.952
2018-11-19 04:27:32,670.268,132.966,49.89,15.176,18.65,22.074,28.29,0.951
2018-11-19 04:28:33,670.269,132.966,49.89,13.913,20.697,21.934,27.86,0.951
2018-11-19 04:29:34,670.269,132.966,50.02,15.803,19.515,22.103,24.97,0.958
2018-11-19 04:30:35,670.269,132.966,50.06,13.928,18.994,22.11,26.88,0.949
2018-11-19 04:31:36,670.269,132.966,50.06,14.343,19.421,21.972,27.24,0.952
2018-11-19 04:32:37,670.27,132.966,50.12,14.233,23.863,22.055,27.92,0.952
2018-11-19 04:33:38,670.27,132.966,50.11,14.082,22.947,22.28,28.06,0.951
2018-11-19 04:34:39,670.27,132.966,50.07,15.744,21.524,21.962,27.17,0.957
2018-11-19 04:35:39,670.27,132.966,50.1,15.801,19.466,22.008,26.57,0.957
2018-11-19 04:36:40,670.27,132.966,50.07,16.055,21.861,21.896,24.87,0.958
2018-11-19 04:37:41,670.271,132.966,50.11,13.994,19.711,26.81,27.6,0.949
2018-11-19 04:38:42,670.271,132.966,50.1,17.199,19.067,26.526,23.41,0.959
2018-11-19 04:39:43,670.271,132.966,50.11,14.116,18.589,26.385,27.26,0.948
2018-11-19 04:40:44,670.271,132.966,50.13,15.452,21.691,26.61,26.47,0.958
2018-11-19 04:41:45,670.272,132.966,50.13,15.566,20.838,22.202,27.38,0.958
2018-11-19 04:42:46,670.272,132.966,50.06,14.212,20.032,22.017,27.52,0.953
2018-11-19 04:43:47,670.272,132.966,50.03,15.993,20.82,22.064,26.7,0.96
2018-11-19 04:44:48,670.272,132.966,50.08,14.236,23.259,22.154,25.22,0.954
2018-11-19 04:45:49,670.272,132.966,50.09,14.099,21.62,21.87,27.73,0.952
2018-11-19 04:46:49,670.273,132.966,50.06,14.284,20.26,22.116,27.51,0.954
2018-11-19 04:47:50,670.273,132.966,50.11,14.045,19.588,22.08,24.25,0.952
2018-11-19 04:48:51,670.273,132.966,50.11,13.943,21.18,21.99,27.41,0.952
2018-11-19 04:49:52,670.273,132.966,50.09,14.075,21.606,22.124,27.59,0.952
2018-11-19 04:50:53,670.274,132.966,50.11,14.217,20.652,21.948,27.51,0.953
2018-11-19 04:51:54,670.274,132.966,50.03,14.143,19.974,22.002,27.62,0.954
2018-11-19 04:52:55,670.274,132.966,49.99,14.331,20.586,21.924,24.32,0.953
2018-11-19 04:53:56,670.274,132.966,50.01,14.254,23.839,21.924,27.41,0.954
2018-11-19 04:54:57,670.274,132.966,49.96,14.348,23.773,21.992,27.24,0.955
2018-11-19 04:55:58,670.275,132.966,49.93,15.464,22.939,22.225,24.47,0.96
2018-11-19 04:56:59,670.275,132.966,49.98,13.941,24.636,22.076,27.75,0.954
2018-11-19 04:58:00,670.275,132.966,50.0,15.798,23.98,21.476,24.44,0.959
2018-11-19 04:59:01,670.275,132.966,50.0,17.361,21.038,21.682,21.98,0.963
2018-11-19 05:00:02,670.276,132.966,50.03,14.342,20.592,23.072,24.69,0.955
2018-11-19 05:01:03,670.276,132.966,50.03,14.346,19.363,23.009,26.72,0.956
2018-11-19 05:02:04,670.276,132.967,50.01,14.392,20.858,21.608,27.72,0.953
2018-11-19 05:03:05,670.276,132.967,50.02,14.266,19.72,21.475,27.25,0.952
2018-11-19 05:04:06,670.276,132.967,49.95,15.943,18.921,21.722,26.68,0.96
2018-11-19 05:05:07,670.277,132.967,49.94,14.44,18.134,21.59,26.88,0.957
2018-11-19 05:06:08,670.277,132.967,50.05,14.28,19.942,21.813,27.04,0.955
2018-11-19 05:07:09,670.277,132.967,49.99,14.684,20.81,21.516,24.25,0.956
2018-11-19 05:08:10,670.277,132.967,50.0,14.531,18.651,21.518,27.01,0.956
2018-11-19 05:09:10,670.278,132.967,49.97,13.687,17.88,21.596,26.78,0.951
2018-11-19 05:10:11,670.278,132.967,49.94,13.837,20.561,21.588,27.12,0.953
2018-11-19 05:11:12,670.278,132.967,50.01,14.93,19.557,21.702,25.33,0.957
2018-11-19 05:12:13,670.278,132.967,50.0,15.975,19.004,21.647,24.25,0.961
2018-11-19 05:13:14,670.278,132.967,49.95,15.374,18.518,22.03,24.1,0.962
2018-11-19 05:14:15,670.279,132.967,49.93,14.319,20.75,21.979,25.72,0.958
2018-11-19 05:15:16,670.279,132.967,49.97,15.735,20.3,21.775,26.69,0.957
2018-11-19 05:16:17,670.279,132.967,50.01,16.155,19.179,21.901,23.07,0.964
2018-11-19 05:17:18,670.279,132.967,50.04,14.241,19.669,22.018,26.9,0.958
2018-11-19 05:18:19,670.279,132.967,50.05,16.024,21.416,22.158,26.88,0.962
2018-11-19 05:19:20,670.28,132.967,50.03,14.476,21.748,21.724,26.79,0.959
2018-11-19 05:20:21,670.28,132.967,49.99,17.356,22.237,22.025,23.11,0.967
2018-11-19 05:21:22,670.28,132.967,50.02,15.877,21.688,22.015,21.97,0.964
2018-11-19 05:22:23,670.28,132.967,50.0,14.323,21.688,22.074,26.12,0.96
2018-11-19 05:23:24,670.281,132.967,50.04,14.28,21.816,22.052,26.51,0.959
2018-11-19 05:24:25,670.281,132.967,50.08,14.206,19.892,21.989,26.36,0.958
2018-11-19 05:25:26,670.281,132.967,50.08,14.143,19.116,22.114,26.41,0.958
2018-11-19 05:26:27,670.281,132.967,50.08,14.537,20.459,22.038,26.54,0.958
2018-11-19 05:27:27,670.281,132.967,50.13,14.269,21.459,21.866,26.33,0.96
2018-11-19 05:28:28,670.282,132.967,50.13,14.142,20.185,22.184,25.99,0.958
2018-11-19 05:29:29,670.282,132.967,50.16,15.642,19.446,22.016,23.66,0.963
2018-11-19 05:30:30,670.282,132.967,50.21,14.261,21.767,21.877,26.26,0.959
2018-11-19 05:31:31,670.282,132.967,50.19,17.449,21.353,21.869,22.77,0.968
2018-11-19 05:32:32,670.283,132.967,50.15,14.364,20.385,21.996,23.98,0.96
2018-11-19 05:33:33,670.283,132.967,50.09,14.424,19.602,21.884,25.93,0.961
2018-11-19 05:34:34,670.283,132.967,50.01,14.642,16.707,18.29,26.07,0.957
2018-11-19 05:35:35,670.283,132.967,50.01,14.279,20.817,18.325,26.63,0.957
2018-11-19 05:36:36,670.283,132.967,50.04,14.176,19.685,19.807,25.7,0.956
2018-11-19 05:37:37,670.284,132.967,49.99,15.689,18.832,19.808,24.31,0.961
2018-11-19 05:38:38,670.284,132.967,50.01,14.244,18.536,19.604,26.07,0.958
2018-11-19 05:39:39,670.284,132.967,49.97,14.254,18.524,18.249,24.76,0.954
2018-11-19 05:40:40,670.284,132.967,49.98,14.27,18.111,18.323,25.9,0.954
2018-11-19 05:41:41,670.284,132.967,50.02,16.005,18.225,18.384,21.98,0.961
2018-11-19 05:42:42,670.285,132.967,50.02,15.5,17.823,18.213,23.61,0.959
2018-11-19 05:43:43,670.285,132.967,50.04,14.074,21.66,18.253,25.85,0.954
2018-11-19 05:44:43,670.285,132.967,50.05,14.27,19.185,18.23,25.74,0.955
2018-11-19 05:45:44,670.285,132.967,50.1,15.84,18.125,18.26,23.01,0.96
2018-11-19 05:46:45,670.285,132.967,50.16,14.244,17.743,18.138,21.46,0.956
2018-11-19 05:47:46,670.286,132.967,50.14,14.033,20.157,18.239,26.19,0.953
2018-11-19 05:48:47,670.286,132.967,50.14,17.756,17.923,18.142,22.3,0.963
2018-11-19 05:49:48,670.286,132.967,50.15,14.261,17.14,18.066,25.9,0.954
2018-11-19 05:50:49,670.286,132.968,50.13,15.63,16.382,18.199,24.28,0.96
2018-11-19 05:51:50,670.286,132.968,50.09,14.301,18.85,18.081,26.44,0.955
2018-11-19 05:52:51,670.287,132.968,50.08,15.467,19.82,18.25,25.45,0.956
2018-11-19 05:53:52,670.287,132.968,50.11,14.029,16.897,18.163,26.49,0.949
2018-11-19 05:54:53,670.287,132.968,50.09,14.209,16.029,18.087,26.25,0.949
2018-11-19 05:55:54,670.287,132.968,50.13,14.064,18.219,18.268,26.02,0.949
2018-11-19 05:56:55,670.287,132.968,50.17,13.883,18.327,17.959,25.95,0.948
2018-11-19 05:57:56,670.288,132.968,50.22,14.438,17.133,18.152,26.74,0.95
2018-11-19 05:58:57,670.288,132.968,50.17,14.401,16.604,17.599,26.97,0.949
2018-11-19 05:59:58,670.288,132.968,50.12,14.154,17.165,17.756,27.42,0.949
2018-11-19 06:00:59,670.288,132.968,50.12,14.187,18.013,17.767,26.51,0.947
2018-11-19 06:02:00,670.288,132.968,50.15,14.247,17.01,17.627,27.12,0.947
2018-11-19 06:03:01,670.288,132.968,50.19,18.61,16.295,22.361,22.48,0.957
2018-11-19 06:04:02,670.289,132.968,50.14,15.872,16.709,22.286,23.44,0.951
2018-11-19 06:05:03,670.289,132.968,50.14,16.059,17.706,22.181,24.34,0.951
2018-11-19 06:06:03,670.289,132.968,50.17,15.655,19.367,22.115,23.58,0.953
2018-11-19 06:07:19,670.289,132.968,50.18,14.096,18.581,17.432,27.41,0.948
2018-11-19 06:08:05,670.289,132.968,50.16,14.338,17.04,17.23,26.36,0.95
2018-11-19 06:09:06,670.29,132.968,50.15,14.347,18.628,17.2,27.05,0.948
2018-11-19 06:10:07,670.29,132.968,50.13,14.166,17.687,17.315,26.62,0.949
2018-11-19 06:11:08,670.29,132.968,50.08,15.689,16.928,17.258,26.62,0.954
2018-11-19 06:12:09,670.29,132.968,50.01,14.212,16.456,17.169,26.44,0.95
2018-11-19 06:13:10,670.29,132.968,49.99,14.503,18.082,17.157,26.24,0.951
2018-11-19 06:14:11,670.291,132.968,49.93,14.444,16.88,17.885,26.71,0.95
2018-11-19 06:15:12,670.291,132.968,49.87,13.937,18.374,17.869,26.9,0.95
2018-11-19 06:16:13,670.291,132.968,49.86,14.363,19.371,19.261,26.45,0.955
2018-11-19 06:17:14,670.291,132.968,49.82,14.161,20.219,19.322,27.24,0.952
2018-11-19 06:18:15,670.291,132.968,49.8,14.238,19.627,17.74,26.88,0.952
2018-11-19 06:19:16,670.292,132.968,49.81,17.31,16.61,17.71,24.38,0.961
2018-11-19 06:20:17,670.292,132.968,49.82,14.263,15.807,17.845,24.18,0.952
2018-11-19 06:21:18,670.292,132.968,49.88,14.069,18.296,17.998,26.75,0.951
2018-11-19 06:22:19,670.292,132.968,49.89,16.017,17.715,17.797,23.07,0.957
2018-11-19 06:23:20,670.292,132.968,49.93,14.309,16.712,17.914,26.29,0.95
2018-11-19 06:24:21,670.292,132.968,49.98,14.277,15.866,17.998,26.59,0.951
2018-11-19 06:25:22,670.293,132.968,50.02,15.819,17.942,18.165,21.68,0.959
2018-11-19 06:26:22,670.293,132.968,50.04,14.167,18.483,18.19,26.2,0.952
2018-11-19 06:27:23,670.293,132.968,50.05,15.861,17.42,17.971,25.53,0.958
2018-11-19 06:28:24,670.293,132.968,50.12,14.355,17.994,18.033,25.51,0.956
2018-11-19 06:29:25,670.293,132.968,50.12,13.952,19.054,18.037,25.92,0.953
2018-11-19 06:30:26,670.294,132.968,50.09,14.009,19.501,18.038,25.66,0.954
2018-11-19 06:31:27,670.294,132.968,50.06,14.008,17.94,17.987,25.64,0.953
2018-11-19 06:32:28,670.294,132.968,50.11,14.279,17.609,17.874,25.57,0.954
2018-11-19 06:33:29,670.294,132.968,50.13,14.048,17.533,18.207,25.71,0.952
2018-11-19 06:34:30,670.294,132.968,50.17,14.255,18.99,18.236,25.7,0.953
2018-11-19 06:35:31,670.295,132.968,50.16,14.326,18.325,17.925,25.14,0.953
2018-11-19 06:36:32,670.295,132.968,50.16,15.56,17.416,18.011,23.27,0.958
2018-11-19 06:37:33,670.295,132.968,50.19,16.161,16.313,17.602,25.58,0.962
2018-11-19 06:38:34,670.295,132.968,50.2,16.105,19.862,17.577,22.3,0.963
2018-11-19 06:39:35,670.295,132.968,50.21,14.312,17.357,17.454,24.86,0.955
2018-11-19 06:40:36,670.296,132.968,50.19,14.407,16.426,17.328,24.87,0.956
2018-11-19 06:41:37,670.296,132.968,50.16,14.14,16.036,17.505,24.7,0.957
2018-11-19 06:42:38,670.296,132.969,50.05,14.287,18.162,18.133,25.27,0.956
2018-11-19 06:43:39,670.296,132.969,50.01,14.406,17.061,17.852,25.08,0.955
2018-11-19 06:44:40,670.296,132.969,49.98,14.248,15.988,18.148,21.23,0.954
2018-11-19 06:45:40,670.296,132.969,49.94,14.005,15.868,18.222,25.2,0.954
2018-11-19 06:46:41,670.297,132.969,49.97,16.02,18.157,17.869,22.7,0.959
2018-11-19 06:47:42,670.297,132.969,50.03,15.955,17.331,18.036,22.74,0.96
2018-11-19 06:48:43,670.297,132.969,50.06,14.429,16.593,18.051,25.39,0.956
2018-11-19 06:49:44,670.297,132.969,50.11,14.268,15.911,18.026,25.27,0.955
2018-11-19 06:50:45,670.297,132.969,50.16,14.258,18.244,18.026,25.45,0.956
2018-11-19 06:51:46,670.298,132.969,50.16,14.377,17.696,17.785,24.79,0.956
2018-11-19 06:52:47,670.298,132.969,50.14,15.871,18.082,17.934,21.99,0.961
2018-11-19 06:53:48,670.298,132.969,50.11,14.158,18.474,19.596,25.05,0.959
2018-11-19 06:54:49,670.298,132.969,50.24,16.337,19.158,19.26,23.41,0.964
2018-11-19 06:55:50,670.298,132.969,50.25,16.063,19.237,17.7,20.64,0.958
2018-11-19 06:56:51,670.299,132.969,50.21,14.245,20.114,17.847,24.69,0.958
2018-11-19 06:57:52,670.299,132.969,50.15,18.092,19.304,19.07,24.08,0.966
2018-11-19 06:58:53,670.299,132.969,50.12,19.671,20.697,19.083,25.8,0.966
2018-11-19 06:59:54,670.299,132.969,50.09,22.518,22.995,18.696,22.5,0.967
2018-11-19 07:00:55,670.3,132.969,50.02,23.302,19.316,18.806,20.49,0.964
2018-11-19 07:01:56,670.3,132.969,49.96,23.638,21.811,18.828,20.57,0.961
2018-11-19 07:02:57,670.3,132.969,49.96,25.56,26.146,21.824,21.4,0.967
2018-11-19 07:03:58,670.3,132.969,49.89,25.582,27.863,22.044,21.82,0.967
2018-11-19 07:04:59,670.301,132.969,49.84,25.702,27.75,24.677,21.98,0.962
2018-11-19 07:06:00,670.301,132.969,49.78,58.038,60.299,55.557,12.09,0.949
2018-11-19 07:07:01,670.302,132.969,49.75,63.607,69.751,63.938,13.16,0.921
2018-11-19 07:08:01,670.302,132.97,49.78,46.962,51.114,50.769,12.33,0.94
2018-11-19 07:09:02,670.303,132.97,49.82,48.432,51.952,52.114,13.67,0.941
2018-11-19 07:10:03,670.303,132.97,49.83,72.648,75.061,76.417,16.48,0.942
2018-11-19 07:11:04,670.304,132.97,49.87,76.114,74.273,71.633,10.36,0.945
2018-11-19 07:12:05,670.305,132.97,49.89,72.282,77.771,72.786,9.05,0.944
2018-11-19 07:13:06,670.306,132.971,49.98,82.651,85.095,79.727,9.74,0.939
2018-11-19 07:14:07,670.307,132.971,50.05,79.963,82.313,77.08,9.67,0.937
2018-11-19 07:15:08,670.307,132.971,50.09,84.036,85.806,81.412,9.65,0.941
2018-11-19 07:16:09,670.308,132.972,50.12,85.857,91.639,83.346,11.9,0.943
2018-11-19 07:17:10,670.309,132.972,50.14,93.981,99.792,91.859,12.17,0.899
2018-11-19 07:18:11,670.31,132.973,50.14,98.234,103.672,96.182,12.37,0.894
2018-11-19 07:19:12,670.311,132.973,50.27,98.09,104.056,96.756,11.32,0.884
2018-11-19 07:20:13,670.312,132.974,50.31,87.107,95.797,85.796,13.22,0.873
2018-11-19 07:21:14,670.313,132.974,50.26,97.118,104.078,95.193,12.4,0.888
2018-11-19 07:22:15,670.314,132.975,50.18,96.979,103.175,95.219,10.95,0.885
2018-11-19 07:23:16,670.316,132.975,50.02,110.314,116.813,108.568,13.78,0.878
2018-11-19 07:24:17,670.317,132.976,49.92,96.796,104.659,95.308,12.36,0.889
2018-11-19 07:25:19,670.318,132.976,49.82,113.89,120.506,111.566,12.11,0.904
2018-11-19 07:26:19,670.319,132.977,49.8,110.388,113.774,96.485,12.11,0.886
2018-11-19 07:27:20,670.32,132.978,49.88,151.323,157.468,139.155,18.45,0.901
2018-11-19 07:28:20,670.321,132.978,49.88,146.655,160.78,138.045,18.53,0.898
2018-11-19 07:29:21,670.323,132.979,49.91,122.361,140.374,110.84,12.15,0.887
2018-11-19 07:30:22,670.324,132.98,49.99,153.265,168.039,143.843,15.76,0.918
2018-11-19 07:31:24,670.326,132.98,50.12,174.58,186.429,153.114,17.34,0.893
2018-11-19 07:32:24,670.328,132.981,50.16,172.053,185.455,151.141,15.55,0.929
2018-11-19 07:33:25,670.33,132.982,50.13,135.984,149.109,112.396,14.05,0.906
2018-11-19 07:34:41,670.331,132.983,50.09,169.126,180.576,146.536,18.5,0.923
2018-11-19 07:35:28,670.333,132.983,50.12,163.284,173.575,140.119,16.25,0.902
2018-11-19 07:36:28,670.335,132.984,50.12,149.177,161.724,125.647,13.87,0.915
2018-11-19 07:37:29,670.336,132.985,50.05,148.766,155.226,122.448,13.53,0.902
2018-11-19 07:38:33,670.338,132.985,50.05,159.671,173.994,136.689,14.31,0.925
2018-11-19 07:39:31,670.34,132.986,50.02,157.004,172.523,124.803,17.6,0.905
2018-11-19 07:40:32,670.341,132.987,49.98,141.384,155.456,110.443,13.04,0.907
2018-11-19 07:41:36,670.343,132.987,50.0,134.483,148.801,106.486,17.15,0.903
2018-11-19 07:42:34,670.344,132.988,50.02,171.74,185.628,142.344,16.16,0.908
2018-11-19 07:43:36,670.346,132.989,50.06,154.282,164.96,125.358,18.2,0.903
2018-11-19 07:44:35,670.348,132.99,50.07,156.711,168.932,128.545,12.79,0.909
2018-11-19 07:45:40,670.349,132.99,50.09,147.866,161.895,120.184,13.96,0.898
2018-11-19 07:46:37,670.351,132.991,50.07,151.786,175.597,132.945,16.37,0.91
2018-11-19 07:47:38,670.352,132.992,50.02,146.463,168.1,124.266,17.36,0.896
2018-11-19 07:48:40,670.354,132.993,49.95,165.691,194.907,146.102,16.31,0.91
2018-11-19 07:49:40,670.356,132.993,49.96,145.371,174.804,124.861,12.07,0.892
2018-11-19 07:50:42,670.358,132.994,49.92,168.597,199.353,147.487,15.85,0.902
2018-11-19 07:51:44,670.359,132.995,49.86,154.688,185.777,133.955,14.54,0.886
2018-11-19 07:52:43,670.361,132.996,49.87,157.572,191.5,136.312,17.35,0.902
2018-11-19 07:53:47,670.363,132.997,49.89,152.903,188.706,137.547,12.18,0.905
2018-11-19 07:54:48,670.365,132.997,49.84,178.496,213.782,162.438,10.83,0.923
2018-11-19 07:55:47,670.366,132.998,49.9,162.393,198.084,148.193,15.19,0.9
2018-11-19 07:56:47,670.368,132.999,50.01,164.486,200.464,157.552,17.34,0.933
2018-11-19 07:57:49,670.37,133.0,49.97,132.088,167.609,124.633,15.1,0.932
2018-11-19 07:58:49,670.371,133.0,49.97,134.786,165.752,117.751,11.07,0.912
2018-11-19 07:59:50,670.373,133.001,50.04,145.274,174.277,122.133,13.62,0.914
2018-11-19 08:00:54,670.374,133.002,49.96,152.259,183.235,127.896,12.54,0.908
2018-11-19 08:01:52,670.376,133.003,49.96,152.097,187.681,141.035,13.31,0.913
2018-11-19 08:02:52,670.378,133.003,49.94,148.767,183.865,139.748,12.54,0.913
2018-11-19 08:03:54,670.38,133.004,50.02,167.148,202.927,157.552,14.02,0.909
2018-11-19 08:04:54,670.382,133.005,50.06,164.804,197.798,154.77,16.26,0.903
2018-11-19 08:05:56,670.383,133.006,50.09,153.505,189.371,140.682,15.07,0.911
2018-11-19 08:06:56,670.385,133.006,50.06,147.818,181.538,128.017,11.08,0.911
2018-11-19 08:07:57,670.387,133.007,50.08,159.204,191.779,138.6,13.81,0.921
2018-11-19 08:08:58,670.389,133.008,50.04,147.236,176.119,128.566,12.22,0.872
2018-11-19 08:10:03,670.39,133.009,50.01,159.212,188.743,152.685,12.82,0.909
2018-11-19 08:11:00,670.392,133.01,50.06,168.789,201.163,154.592,12.05,0.911
2018-11-19 08:12:02,670.394,133.01,49.97,177.827,210.99,164.271,13.96,0.91
2018-11-19 08:13:02,670.396,133.011,49.95,185.695,217.928,173.0,11.24,0.908
2018-11-19 08:14:03,670.398,133.012,49.98,171.285,203.194,150.649,10.35,0.914
2018-11-19 08:15:06,670.399,133.013,50.0,159.426,192.027,146.133,11.91,0.906
2018-11-19 08:16:05,670.401,133.013,50.03,183.877,215.44,166.095,12.24,0.916
2018-11-19 08:17:06,670.403,133.014,50.06,161.864,191.621,148.416,9.77,0.931
2018-11-19 08:18:07,670.405,133.015,50.07,154.341,190.011,143.656,14.9,0.909
2018-11-19 08:19:09,670.406,133.016,50.03,162.778,197.12,160.25,16.33,0.923
2018-11-19 08:20:09,670.408,133.017,50.05,174.282,205.679,176.892,12.14,0.916
2018-11-19 08:21:11,670.41,133.017,50.04,163.91,196.518,159.007,13.57,0.902
2018-11-19 08:22:12,670.412,133.018,50.06,147.215,184.168,136.59,13.6,0.914
2018-11-19 08:23:12,670.414,133.019,50.06,207.272,246.497,182.352,15.27,0.925
2018-11-19 08:24:13,670.416,133.02,50.07,177.164,212.19,149.501,9.73,0.91
2018-11-19 08:25:13,670.418,133.021,50.03,188.861,218.11,173.935,13.28,0.935
2018-11-19 08:31:20,670.431,133.025,50.08,227.888,270.376,187.369,14.49,0.947
2018-11-19 08:32:21,670.433,133.026,50.01,236.337,282.51,200.535,11.73,0.942
2018-11-19 08:33:22,670.436,133.027,49.88,213.508,254.393,184.442,15.65,0.952
2018-11-19 08:34:25,670.438,133.028,49.86,195.132,233.046,176.372,13.13,0.943
2018-11-19 10:43:21,670.786,133.123,50.13,269.075,288.599,208.537,12.42,0.962
2018-11-19 10:44:30,670.788,133.123,50.12,267.229,288.601,211.691,14.43,0.963
2018-11-19 10:45:25,670.791,133.124,50.11,264.86,279.507,211.562,14.03,0.958
2018-11-19 10:46:29,670.794,133.125,50.08,275.981,291.084,220.714,14.13,0.964
2018-11-19 10:47:24,670.797,133.126,50.04,281.582,304.403,228.341,15.24,0.965
2018-11-19 10:48:33,670.8,133.126,50.05,274.822,293.992,211.851,14.8,0.961
2018-11-19 10:49:34,670.803,133.127,50.05,286.795,303.274,227.686,15.07,0.962
2018-11-19 10:50:31,670.806,133.128,50.05,290.083,304.5,224.897,13.38,0.958
2018-11-19 10:51:28,670.809,133.129,50.06,276.648,295.761,210.822,15.03,0.959
2018-11-19 10:52:31,670.811,133.129,50.06,297.733,313.2,230.838,16.14,0.961
2018-11-19 10:53:32,670.814,133.13,50.02,269.947,288.523,195.291,12.04,0.958
2018-11-19 10:54:31,670.817,133.131,50.02,272.608,291.645,211.922,11.57,0.964
2018-11-19 10:55:36,670.82,133.131,49.96,266.774,288.473,206.694,11.28,0.961
2018-11-19 10:56:34,670.823,133.132,49.97,259.94,275.859,192.187,14.84,0.953
2018-11-19 10:57:37,670.825,133.133,49.91,274.827,294.276,208.067,14.33,0.953
2018-11-19 10:58:35,670.828,133.134,49.88,282.449,297.846,220.644,13.77,0.965
2018-11-19 10:59:46,670.831,133.134,49.9,267.428,284.679,204.326,12.23,0.978
2018-11-19 11:01:25,670.834,133.135,49.89,263.827,282.019,199.325,15.13,0.972
2018-11-19 11:01:38,670.836,133.136,49.92,266.924,291.17,192.19,12.11,0.977
2018-11-19 11:03:13,670.839,133.136,49.99,264.75,277.869,194.352,11.96,0.968
2018-11-19 11:05:42,670.847,133.138,50.0,262.313,295.098,188.557,13.54,0.977
2018-11-19 11:06:53,670.85,133.139,50.02,267.373,281.825,216.463,14.91,0.984
2018-11-19 11:07:45,670.853,133.139,50.06,277.081,291.323,211.627,13.66,0.969
2018-11-19 11:08:48,670.855,133.14,50.03,275.839,284.488,215.515,15.31,0.965
2018-11-19 11:09:48,670.858,133.141,50.02,272.688,284.279,219.713,15.87,0.972
2018-11-19 11:10:49,670.861,133.141,49.99,277.772,288.255,221.144,15.86,0.985
2018-11-19 11:11:59,670.864,133.142,49.95,266.245,278.6,201.881,16.03,0.977
2018-11-19 11:12:48,670.866,133.142,49.96,261.067,272.707,205.526,14.12,0.974
2018-11-19 11:13:49,670.869,133.143,50.0,268.715,288.422,216.866,16.27,0.987
2018-11-19 11:14:50,670.872,133.144,49.97,290.647,303.784,236.219,13.57,0.965
2018-11-19 11:15:51,670.875,133.144,50.0,265.76,287.673,216.556,13.5,0.979
2018-11-19 11:17:15,670.878,133.145,50.05,258.892,278.282,210.289,11.72,0.961
2018-11-19 11:20:07,670.886,133.147,50.03,260.811,299.774,197.063,12.82,0.961
2018-11-19 11:20:55,670.889,133.148,50.07,268.489,288.746,210.494,11.83,0.965
2018-11-19 11:21:56,670.892,133.149,49.99,246.746,265.505,187.309,11.87,0.953
2018-11-19 11:22:57,670.894,133.149,49.97,268.113,280.944,200.093,13.71,0.96
2018-11-19 11:24:15,670.897,133.15,49.97,278.338,294.368,217.844,13.63,0.965
2018-11-19 11:25:00,670.9,133.151,49.93,285.349,302.787,226.12,13.46,0.966
2018-11-19 11:26:01,670.903,133.152,49.94,280.854,296.447,221.651,14.87,0.965
2018-11-19 11:27:02,670.906,133.152,49.95,252.155,266.049,198.321,14.13,0.957
2018-11-19 11:28:11,670.908,133.153,49.96,275.64,290.593,221.872,14.55,0.969
2018-11-19 11:30:33,670.911,133.154,50.04,266.278,280.501,204.978,14.89,0.965
2018-11-19 11:30:33,670.914,133.155,50.04,266.175,289.902,203.424,13.22,0.962
2018-11-19 11:31:08,670.917,133.155,50.06,272.556,288.728,215.035,15.69,0.966
2018-11-19 11:32:09,670.919,133.156,50.09,275.439,289.064,225.041,13.61,0.966
2018-11-19 11:33:07,670.922,133.157,50.08,281.385,293.943,229.805,14.33,0.972
2018-11-19 11:34:14,670.925,133.157,50.12,269.733,281.842,215.67,13.9,0.961
2018-11-19 11:35:09,670.928,133.158,50.06,258.087,269.186,201.351,11.96,0.965
2018-11-19 11:36:12,670.93,133.159,50.04,255.138,272.972,206.117,14.07,0.961
2018-11-19 11:37:10,670.933,133.16,50.0,270.167,281.451,224.624,11.75,0.968
2018-11-19 11:38:11,670.936,133.16,49.98,256.826,274.958,200.863,11.67,0.967
2018-11-19 11:39:29,670.939,133.161,49.99,256.791,267.72,202.115,12.39,0.961
2018-11-19 11:41:12,670.941,133.162,50.0,263.417,272.233,214.754,15.03,0.972
2018-11-19 11:41:15,670.944,133.162,49.93,251.188,258.225,201.409,13.25,0.965
2018-11-19 11:42:15,670.947,133.163,49.97,244.485,259.128,193.323,12.28,0.962
2018-11-19 11:43:18,670.949,133.164,49.96,261.481,282.407,203.771,12.38,0.961
2018-11-19 11:47:20,670.96,133.167,49.95,256.637,272.669,203.039,11.24,0.961
2018-11-19 11:48:22,670.963,133.167,49.98,241.208,255.983,189.516,12.2,0.973
2018-11-19 11:49:22,670.965,133.168,50.03,241.17,259.543,186.371,13.25,0.979
2018-11-19 11:50:23,670.968,133.169,50.07,211.363,227.206,165.78,13.98,0.972
2018-11-19 11:51:29,670.97,133.169,50.18,210.337,231.538,162.47,14.26,0.977
2018-11-19 11:56:32,670.982,133.172,50.17,200.955,219.302,154.794,17.5,0.974
2018-11-19 11:57:40,670.984,133.172,50.11,193.266,212.871,142.332,17.49,0.978
2018-11-19 11:58:35,670.986,133.173,50.09,201.356,219.768,149.589,18.11,0.975
2018-11-19 11:59:48,670.989,133.173,50.06,177.46,205.017,134.816,15.07,0.984
2018-11-19 12:02:31,670.992,133.174,50.03,179.628,193.354,130.445,14.36,0.986
2018-11-19 12:03:37,670.996,133.174,50.02,190.03,207.023,138.195,14.69,0.986
2018-11-19 12:05:06,670.998,133.174,49.97,174.141,185.269,125.118,14.99,0.985
2018-11-19 12:08:40,671.006,133.176,49.92,191.337,204.419,132.298,13.62,0.987
2018-11-19 12:09:41,671.008,133.176,49.9,191.627,203.177,132.21,14.4,0.986
2018-11-19 12:10:41,671.01,133.176,49.91,173.712,183.351,115.987,15.32,0.985
2018-11-19 12:11:42,671.012,133.176,49.91,173.189,193.544,112.567,15.21,0.984
2018-11-19 12:12:44,671.013,133.176,49.86,170.88,183.944,113.429,15.26,0.984
2018-11-19 12:13:46,671.015,133.177,49.86,170.663,182.93,118.945,15.15,0.985
2018-11-19 12:14:45,671.017,133.177,49.86,174.267,187.274,123.505,14.21,0.985
2018-11-19 12:15:46,671.019,133.177,49.89,183.638,204.503,128.82,14.05,0.986
2018-11-19 12:16:47,671.021,133.177,49.93,182.217,197.196,126.362,15.21,0.985
2018-11-19 12:17:48,671.023,133.177,49.9,166.545,181.068,110.424,15.42,0.984
2018-11-19 12:18:49,671.024,133.178,49.89,170.59,183.173,119.418,15.02,0.984
2018-11-19 12:19:50,671.026,133.178,49.91,173.956,188.973,121.376,14.97,0.985
2018-11-19 12:20:51,671.028,133.178,49.85,173.422,186.35,119.513,14.71,0.985
2018-11-19 12:21:53,671.03,133.178,49.86,176.054,189.383,122.648,13.82,0.987
2018-11-19 12:22:53,671.032,133.179,49.87,183.816,202.592,137.736,14.0,0.987
2018-11-19 12:23:54,671.034,133.179,49.89,180.143,205.069,135.602,15.66,0.993
2018-11-19 12:24:55,671.036,133.179,49.94,165.45,185.041,111.947,15.57,0.984
2018-11-19 12:27:30,671.037,133.179,49.95,169.815,184.872,112.989,15.54,0.985
2018-11-19 12:27:57,671.041,133.18,50.01,169.63,194.314,118.268,14.55,0.984
2018-11-19 12:28:58,671.043,133.18,50.0,181.273,200.514,130.002,14.18,0.986
2018-11-19 12:29:59,671.045,133.18,49.96,182.45,200.417,122.97,14.88,0.985
2018-11-19 12:31:01,671.047,133.18,49.96,167.395,182.581,106.941,15.3,0.984
2018-11-19 12:32:01,671.048,133.18,49.88,171.402,188.301,117.778,14.95,0.984
2018-11-19 12:33:02,671.05,133.181,49.83,173.301,182.801,119.059,14.71,0.983
2018-11-19 12:34:04,671.052,133.181,49.82,172.673,186.859,114.563,14.69,0.984
2018-11-19 12:35:05,671.054,133.181,49.82,174.129,188.064,113.805,14.01,0.984
2018-11-19 12:36:06,671.056,133.181,49.87,183.669,202.132,125.006,13.8,0.985
2018-11-19 12:37:06,671.058,133.181,49.97,180.657,196.536,131.091,15.54,0.985
2018-11-19 12:38:10,671.059,133.182,50.07,164.319,181.092,116.64,15.55,0.985
2018-11-19 12:39:08,671.061,133.182,50.09,165.223,181.799,111.709,15.34,0.984
2018-11-19 12:40:13,671.063,133.182,50.11,168.879,187.439,116.562,15.36,0.985
2018-11-19 12:41:10,671.065,133.182,50.1,170.297,185.429,124.282,14.96,0.986
2018-11-19 12:42:10,671.067,133.182,50.09,182.676,199.24,142.136,14.08,0.986
2018-11-19 12:43:11,671.069,133.183,50.1,184.364,196.962,139.623,13.76,0.987
2018-11-19 12:44:12,671.07,133.183,50.1,180.764,199.742,133.17,15.41,0.991
2018-11-19 12:45:13,671.072,133.183,50.12,164.452,179.445,115.751,15.53,0.985
2018-11-19 12:46:16,671.074,133.183,50.2,167.018,183.147,126.338,15.21,0.985
2018-11-19 12:47:16,671.076,133.183,50.23,169.352,182.676,119.433,15.16,0.984
2018-11-19 12:48:16,671.078,133.184,50.1,170.18,191.122,116.979,14.51,0.983
2018-11-19 12:49:17,671.08,133.184,50.1,181.432,198.947,126.541,14.03,0.985
2018-11-19 12:50:19,671.081,133.184,50.07,182.809,197.438,125.921,14.36,0.985
2018-11-19 12:51:19,671.083,133.184,50.07,165.311,186.733,116.264,15.6,0.984
2018-11-19 12:52:21,671.085,133.184,50.05,167.934,178.956,114.645,15.3,0.984
2018-11-19 12:53:44,671.087,133.185,50.04,167.734,182.869,111.519,14.97,0.984
2018-11-19 12:55:14,671.089,133.185,50.02,169.13,185.009,110.417,14.85,0.984
2018-11-19 12:57:25,671.094,133.185,50.06,180.059,194.857,129.66,14.32,0.987
2018-11-19 12:58:28,671.096,133.186,50.01,169.057,184.174,123.852,15.18,0.985
2018-11-19 13:00:28,671.1,133.186,49.96,170.86,187.026,135.396,14.88,0.986
2018-11-19 13:01:30,671.102,133.186,49.9,169.638,189.562,141.12,14.94,0.986
2018-11-19 13:02:31,671.104,133.186,49.83,170.95,193.655,134.549,14.73,0.986
2018-11-19 13:03:30,671.106,133.187,49.89,182.422,206.184,139.538,14.13,0.988
2018-11-19 13:04:31,671.107,133.187,50.05,184.351,201.574,140.919,14.41,0.989
2018-11-19 13:05:32,671.109,133.187,50.15,167.832,191.752,127.401,15.35,0.987
2018-11-19 13:06:37,671.111,133.187,50.27,173.985,193.128,132.756,15.13,0.988
2018-11-19 13:07:35,671.113,133.187,50.38,185.677,207.52,133.868,15.69,0.98
2018-11-19 13:08:35,671.115,133.188,50.25,197.058,215.812,149.077,15.22,0.979
2018-11-19 13:09:36,671.117,133.188,50.1,196.816,209.532,157.905,13.47,0.983
2018-11-19 13:10:37,671.12,133.189,49.95,191.43,204.903,155.543,12.28,0.977
2018-11-19 13:11:38,671.122,133.189,49.92,235.357,251.329,194.549,12.02,0.976
2018-11-19 13:12:39,671.125,133.19,49.88,218.477,233.671,180.811,12.03,0.973
2018-11-19 13:13:40,671.127,133.19,50.01,244.24,262.379,212.281,11.15,0.977
2018-11-19 13:14:41,671.13,133.191,50.08,236.572,253.905,202.303,11.54,0.972
2018-11-19 13:15:42,671.132,133.191,50.09,241.257,263.868,208.49,12.35,0.978
2018-11-19 13:18:08,671.137,133.193,50.1,232.575,253.84,196.701,11.88,0.973
2018-11-19 13:18:49,671.14,133.193,50.06,243.304,270.21,209.673,12.12,0.973
2018-11-19 13:19:45,671.143,133.194,50.05,245.506,267.416,212.082,10.73,0.972
2018-11-19 13:20:58,671.145,133.194,50.05,241.663,253.961,193.95,11.74,0.97
2018-11-19 13:21:50,671.148,133.195,50.01,267.561,282.525,222.83,12.83,0.971
2018-11-19 13:22:48,671.151,133.196,50.07,250.021,266.022,206.395,12.15,0.979
2018-11-19 13:23:49,671.153,133.196,50.08,249.431,278.196,212.435,12.01,0.971
2018-11-19 13:24:50,671.156,133.197,50.06,254.2,267.035,218.09,12.23,0.968
2018-11-19 13:25:51,671.159,133.198,50.05,253.72,267.463,212.179,10.92,0.962
2018-11-19 13:26:52,671.161,133.198,50.06,248.218,263.813,207.396,13.48,0.966
2018-11-19 13:27:53,671.164,133.199,50.12,254.986,278.392,220.649,10.79,0.967
2018-11-19 13:28:55,671.167,133.2,50.11,252.413,271.351,224.302,12.18,0.966
2018-11-19 13:29:55,671.17,133.2,50.11,248.6,262.837,209.094,8.78,0.959
2018-11-19 13:30:56,671.172,133.201,50.03,245.799,256.573,211.34,11.49,0.967
2018-11-19 13:31:57,671.175,133.202,49.95,261.743,284.594,225.973,11.4,0.962
2018-11-19 13:32:59,671.178,133.203,49.85,257.042,271.188,233.56,11.43,0.959
2018-11-19 13:34:01,671.181,133.203,49.79,235.744,247.955,203.809,13.55,0.974
2018-11-19 13:34:59,671.183,133.204,49.81,263.055,278.762,226.311,12.96,0.967
2018-11-19 13:36:00,671.186,133.204,49.82,272.051,288.36,227.989,10.98,0.969
2018-11-19 13:37:01,671.189,133.205,49.83,268.501,280.678,221.833,12.8,0.979
2018-11-19 13:38:02,671.191,133.206,49.94,241.047,250.807,199.035,13.4,0.974
2018-11-19 13:39:03,671.194,133.206,49.99,249.397,264.634,206.277,14.0,0.967
2018-11-19 13:40:05,671.197,133.207,50.15,256.232,276.537,211.655,10.41,0.963
2018-11-19 13:41:06,671.199,133.208,50.24,255.411,270.679,210.936,10.91,0.965
2018-11-19 13:42:06,671.202,133.209,50.22,251.414,260.584,207.638,11.08,0.965
2018-11-19 13:43:07,671.205,133.209,50.15,246.252,265.214,213.558,12.55,0.956
2018-11-19 13:44:08,671.207,133.21,50.04,250.016,279.505,210.439,11.1,0.964
2018-11-19 13:45:09,671.21,133.211,50.04,258.736,279.93,216.091,11.55,0.96
2018-11-19 13:46:10,671.213,133.212,50.0,277.364,294.454,234.762,12.16,0.957
2018-11-19 13:47:11,671.216,133.212,50.09,273.198,288.503,240.241,10.58,0.958
2018-11-19 13:48:11,671.219,133.213,50.11,260.634,275.107,225.886,10.13,0.961
2018-11-19 13:49:12,671.221,133.214,50.01,268.223,286.634,227.705,12.38,0.97
2018-11-19 13:50:14,671.224,133.214,49.93,253.929,268.861,213.714,12.36,0.971
2018-11-19 13:51:18,671.227,133.215,49.96,246.766,268.083,209.675,12.39,0.972
2018-11-19 13:52:16,671.23,133.216,49.95,263.815,283.073,222.683,11.61,0.979
2018-11-19 13:53:17,671.232,133.216,49.94,271.393,284.063,215.714,11.39,0.967
2018-11-19 13:54:17,671.235,133.217,49.92,277.196,296.275,221.716,12.56,0.96
2018-11-19 13:55:19,671.238,133.218,49.91,252.631,281.004,216.69,11.87,0.965
2018-11-19 13:56:19,671.24,133.219,49.87,258.334,285.281,209.154,11.22,0.965
2018-11-19 13:57:20,671.243,133.219,49.88,258.892,296.112,206.072,10.5,0.972
2018-11-19 13:58:21,671.246,133.22,49.88,249.785,266.291,196.443,12.82,0.967
2018-11-19 13:59:23,671.249,133.22,49.95,258.167,280.065,205.547,12.37,0.966
2018-11-19 14:00:23,671.251,133.221,50.03,234.732,280.081,179.009,12.91,0.975
2018-11-19 14:01:24,671.254,133.222,50.08,235.193,257.771,183.101,13.11,0.977
2018-11-19 14:02:24,671.257,133.222,50.13,239.83,278.118,190.345,11.44,0.966
2018-11-19 14:03:25,671.259,133.223,50.07,239.277,266.846,189.654,13.86,0.978
2018-11-19 14:04:27,671.262,133.223,50.04,250.776,276.166,200.656,10.88,0.974
2018-11-19 14:08:17,671.27,133.226,49.9,263.346,285.467,208.084,11.88,0.971
2018-11-19 14:10:35,671.278,133.227,49.91,253.042,271.539,198.754,10.79,0.963
2018-11-19 14:13:19,671.28,133.228,49.85,254.241,268.597,195.75,12.88,0.968
2018-11-19 14:14:39,671.289,133.23,49.82,284.953,295.294,227.756,11.9,0.957
2018-11-19 14:17:38,671.297,133.232,49.93,268.711,281.571,208.551,12.69,0.969
2018-11-19 14:18:41,671.299,133.233,49.97,261.54,271.404,196.953,10.61,0.959
2018-11-19 14:22:43,671.31,133.236,49.91,271.7,288.841,204.129,11.52,0.955
2018-11-19 14:34:56,671.343,133.244,49.96,252.647,277.429,203.612,12.72,0.967
2018-11-19 14:35:56,671.345,133.244,49.91,263.846,290.135,208.668,10.76,0.97
2018-11-19 14:41:00,671.359,133.248,49.87,262.899,298.215,196.928,11.62,0.962
2018-11-19 14:42:01,671.361,133.249,49.88,262.788,280.985,198.319,10.09,0.967
2018-11-19 14:43:07,671.364,133.249,49.91,255.902,270.506,197.904,12.7,0.959
2018-11-19 14:44:17,671.367,133.25,49.92,266.177,280.877,209.885,11.61,0.957
2018-11-19 14:45:07,671.37,133.251,50.0,273.873,284.473,214.38,11.25,0.951
2018-11-19 14:46:05,671.372,133.251,50.1,263.081,273.8,204.919,10.34,0.963
2018-11-19 14:47:07,671.375,133.252,50.05,254.799,271.268,198.41,9.17,0.96
2018-11-19 14:48:08,671.378,133.253,50.0,257.696,266.821,203.945,12.4,0.964
2018-11-19 14:49:08,671.38,133.254,49.94,262.887,290.594,197.73,11.9,0.967
2018-11-19 14:50:09,671.383,133.254,49.92,269.826,284.345,214.089,11.01,0.962
2018-11-19 14:51:10,671.386,133.255,49.9,259.335,271.619,204.926,13.99,0.954
2018-11-19 14:52:11,671.389,133.256,49.9,246.879,259.496,195.169,12.22,0.963
2018-11-19 14:53:13,671.391,133.256,49.96,259.29,267.691,210.129,12.15,0.968
2018-11-19 14:54:14,671.394,133.257,49.93,245.888,258.854,187.376,11.73,0.964
2018-11-19 14:55:15,671.396,133.257,49.94,238.183,250.406,180.588,11.29,0.972
2018-11-19 14:56:17,671.399,133.258,50.0,229.24,247.712,175.494,12.39,0.969
2018-11-19 14:57:17,671.401,133.259,50.0,256.795,275.741,202.701,10.63,0.961
2018-11-19 14:58:16,671.404,133.259,50.05,272.379,307.18,209.995,9.95,0.969
2018-11-19 15:01:57,671.413,133.262,50.11,270.398,280.925,214.313,11.16,0.957
2018-11-19 15:02:28,671.415,133.262,50.07,259.692,276.805,217.187,12.79,0.949
2018-11-19 15:03:22,671.418,133.263,50.09,280.632,295.228,224.486,10.05,0.957
2018-11-19 15:04:22,671.421,133.264,50.09,264.253,300.693,207.776,10.71,0.966
2018-11-19 15:05:26,671.424,133.265,50.1,267.951,286.287,220.434,12.09,0.966
2018-11-19 15:06:34,671.427,133.265,50.1,244.98,280.958,198.029,13.24,0.967
2018-11-19 15:10:44,671.438,133.268,50.12,276.73,285.695,222.992,11.32,0.966
2018-11-19 15:11:32,671.441,133.269,50.23,274.117,284.525,220.561,10.97,0.957
2018-11-19 15:12:29,671.443,133.27,50.21,283.006,310.684,216.576,11.7,0.973
2018-11-19 15:13:38,671.446,133.27,50.16,274.005,299.405,210.144,12.61,0.971
2018-11-19 15:14:37,671.449,133.271,50.03,271.572,296.4,214.453,11.07,0.969
2018-11-19 15:15:37,671.452,133.272,49.81,268.784,294.132,211.518,11.68,0.963
2018-11-19 15:17:01,671.455,133.272,49.75,262.576,271.694,200.103,10.45,0.973
2018-11-19 15:19:36,671.463,133.275,49.91,269.415,282.128,212.179,13.55,0.965
2018-11-19 15:21:23,671.466,133.275,50.05,271.664,289.268,219.805,13.57,0.966
2018-11-19 15:22:39,671.472,133.277,50.11,259.848,271.647,203.724,12.15,0.957
2018-11-19 15:23:42,671.474,133.277,50.06,261.159,271.371,206.495,11.95,0.965
2018-11-19 15:24:42,671.477,133.278,50.06,278.855,291.16,226.375,10.84,0.966
2018-11-19 15:25:42,671.48,133.279,50.08,280.804,295.495,223.508,11.99,0.964
2018-11-19 15:26:43,671.482,133.28,50.1,263.16,277.477,198.659,10.15,0.964
2018-11-19 15:27:44,671.485,133.28,50.12,265.431,274.29,196.707,12.18,0.961
2018-11-19 15:28:46,671.488,133.281,50.13,258.975,264.515,197.776,11.95,0.961
2018-11-19 15:29:45,671.49,133.282,50.12,266.74,273.775,208.18,13.16,0.959
2018-11-19 15:30:46,671.493,133.282,50.13,269.04,275.051,206.73,13.08,0.965
2018-11-19 15:31:48,671.496,133.283,50.12,280.543,292.145,218.678,12.08,0.964
2018-11-19 15:32:48,671.498,133.284,50.1,278.327,284.898,216.323,11.73,0.962
2018-11-19 15:33:50,671.501,133.284,50.18,278.191,286.765,226.201,11.67,0.969
2018-11-19 15:34:50,671.504,133.285,50.15,258.823,264.64,199.947,11.42,0.963
2018-11-19 15:35:51,671.507,133.286,50.12,263.735,276.414,202.488,9.96,0.962
2018-11-19 15:36:54,671.509,133.286,50.15,276.397,285.04,210.501,12.96,0.961
2018-11-19 15:37:53,671.512,133.287,50.17,250.958,257.927,193.6,11.53,0.978
2018-11-19 15:38:56,671.515,133.288,50.25,264.016,273.046,207.269,12.96,0.969
2018-11-19 15:43:13,671.525,133.29,50.2,265.064,277.187,207.143,12.67,0.97
2018-11-19 16:51:01,671.703,133.336,50.15,256.132,284.428,200.057,11.83,0.965
2018-11-19 16:52:07,671.706,133.337,50.14,232.54,264.22,189.298,12.01,0.966
